{"stat.drop.minecraft.stone_pickaxe":2,"stat.leaveGame":2,"stat.mineBlock.minecraft.cobblestone":5,"stat.pickup.minecraft.stone_pickaxe":2,"stat.swimOneCm":5667,"stat.climbOneCm":1038,"stat.pickup.xreliquary.mob_ingredient":1,"stat.useItem.minecraft.dirt":9,"stat.useItem.chococraft.gysahl_green":4,"stat.useItem.minecraft.cookie":1,"stat.useItem.minecraft.stone_slab2":23,"stat.pickup.minecraft.rotten_flesh":2,"stat.pickup.aoa3.scrap_metal":1,"stat.craftItem.minecraft.furnace":3,"stat.craftItem.minecraft.stone_axe":1,"stat.pickup.minecraft.pumpkin_pie":1,"stat.craftItem.minecraft.iron_boots":1,"stat.craftItem.minecraft.stone_pickaxe":2,"stat.mineBlock.biomesoplenty.double_plant":5,"stat.pickup.minecraft.cobblestone":112,"stat.craftItem.minecraft.stone_sword":1,"stat.flyOneCm":64563,"stat.pickup.biomesoplenty.mushroom":2,"stat.mineBlock.minecraft.iron_ore":61,"stat.timeSinceDeath":50510,"stat.pickup.chococraft.lovely_gysahl_green":2,"stat.useItem.minecraft.iron_pickaxe":58,"stat.pickup.minecraft.mutton":6,"stat.mineBlock.biomesoplenty.log_2":8,"stat.craftItem.minecraft.bed":1,"stat.pickup.minecraft.cake":1,"stat.pickup.minecraft.wooden_axe":1,"stat.furnaceInteraction":46,"stat.mineBlock.minecraft.coal_ore":49,"stat.pickup.minecraft.string":3,"stat.useItem.minecraft.cooked_mutton":6,"stat.pickup.minecraft.furnace":3,"stat.craftItem.minecraft.stone_slab2":0,"stat.sprintOneCm":80094,"stat.mineBlock.minecraft.stone_slab":2,"stat.pickup.minecraft.skull":1,"stat.craftItem.minecraft.stick":36,"stat.craftItem.minecraft.wooden_axe":1,"stat.useItem.minecraft.stone_slab":1,"stat.craftItem.dungeontactics.stone_shield":2,"stat.mineBlock.minecraft.diamond_ore":7,"stat.mineBlock.biomesoplenty.mushroom":1,"stat.mineBlock.minecraft.crafting_table":2,"stat.useItem.minecraft.pumpkin_pie":1,"stat.pickup.dungeontactics.bag_arbour":1,"stat.pickup.chococraft.gysahl_green_seeds":14,"stat.drop":11,"stat.playOneMinute":50510,"stat.killEntity.Sheep":4,"stat.craftItem.minecraft.iron_pickaxe":1,"stat.useItem.dungeontactics.golden_hammer":6,"stat.killEntity.Zombie":1,"stat.mineBlock.minecraft.tallgrass":3,"stat.craftItem.minecraft.cooked_mutton":6,"stat.diveOneCm":31377,"stat.chestOpened":1,"stat.drop.biomesoplenty.waterlily":2,"stat.drop.xreliquary.mob_ingredient":1,"stat.drop.minecraft.wooden_pickaxe":1,"stat.craftItem.minecraft.coal":17,"stat.useItem.minecraft.rotten_flesh":2,"stat.craftItem.biomesoplenty.planks_0":60,"stat.jump":578,"stat.pickup.minecraft.coal":49,"stat.fallOneCm":9753,"stat.pickup.minecraft.iron_ingot":1,"stat.useItem.minecraft.stone_axe":7,"stat.crouchOneCm":6875,"stat.craftItem.minecraft.torch":52,"stat.craftItem.minecraft.iron_ingot":38,"stat.drop.biomesoplenty.mushroom":1,"stat.pickup.aoa3.chakram":2,"stat.pickup.minecraft.dirt":17,"stat.craftItem.minecraft.iron_helmet":1,"stat.useItem.biomesoplenty.plant_1":7,"stat.craftingTableInteraction":35,"stat.pickup.minecraft.iron_ore":61,"stat.pickup.biomesoplenty.wood_slab_1":15,"stat.pickup.minecraft.cookie":1,"stat.pickup.minecraft.wooden_pickaxe":2,"stat.damageTaken":938,"stat.mineBlock.minecraft.furnace":3,"stat.mineBlock.minecraft.torch":2,"stat.useItem.minecraft.wooden_pickaxe":27,"stat.useItem.minecraft.furnace":1,"stat.mineBlock.biomesoplenty.plant_1":2,"stat.pickup.biomesoplenty.plant_1":12,"stat.pickup.minecraft.reeds":27,"stat.pickup.minecraft.bed":1,"stat.drop.chococraft.lovely_gysahl_green":2,"stat.useItem.minecraft.stone_pickaxe":153,"stat.pickup.biomesoplenty.waterlily":3,"stat.useItem.minecraft.stone_sword":26,"stat.craftItem.minecraft.iron_leggings":1,"stat.damageDealt":1252,"stat.useItem.minecraft.wool":1,"stat.sleepInBed":1,"stat.pickup.chococraft.gysahl_green":4,"stat.killEntity.Cow":1,"stat.mineBlock.minecraft.dirt":11,"stat.walkOneCm":133185,"stat.useItem.minecraft.bread":1,"stat.useItem.minecraft.torch":51,"stat.pickup.minecraft.crafting_table":2,"stat.useItem.minecraft.cobblestone":21,"stat.craftItem.minecraft.crafting_table":4,"stat.pickup.biomesoplenty.sapling_2":4,"stat.pickup.biomesoplenty.planks_0":2,"stat.drop.minecraft.iron_chestplate":1,"stat.craftItem.minecraft.iron_chestplate":2,"stat.mineBlock.biomesoplenty.waterlily":1,"stat.pickup.biomesoplenty.log_2":79,"stat.killEntity.Spider":1,"stat.pickup.minecraft.bread":1,"stat.mobKills":7,"stat.mineBlock.minecraft.waterlily":1,"stat.pickup.minecraft.diamond":7,"stat.pickup.minecraft.torch":2,"stat.sneakTime":1876,"stat.pickup.minecraft.wool":4,"stat.pickup.minecraft.stone_slab":2,"stat.mineBlock.minecraft.stone":104,"stat.craftItem.biomesoplenty.wood_slab_1":30,"stat.drop.minecraft.wooden_axe":1}