{"stat.drop.minecraft.stone_pickaxe":2,"stat.cakeSlicesEaten":7,"stat.pickup.minecraft.bone":6,"stat.useItem.minecraft.iron_axe":81,"stat.leaveGame":2,"stat.drop.natura.overworld_seeds":1,"stat.mineBlock.minecraft.cobblestone":10,"stat.pickup.minecraft.stone_pickaxe":2,"stat.drop.minecraft.mossy_cobblestone":1,"stat.craftItem.minecraft.iron_axe":2,"stat.drop.minecraft.redstone":6,"stat.craftItem.minecraft.diamond_helmet":1,"stat.swimOneCm":36199,"stat.climbOneCm":4440,"stat.useItem.minecraft.planks":96,"stat.pickup.xreliquary.mob_ingredient":2,"stat.pickup.lootbags.itemlootbag":5,"stat.useItem.minecraft.dirt":22,"stat.useItem.chococraft.gysahl_green":19,"stat.useItem.minecraft.cookie":2,"stat.drop.natura.edibles":1,"stat.useItem.minecraft.stone_slab2":61,"stat.useItem.minecraft.water_bucket":48,"stat.pickup.minecraft.rotten_flesh":8,"stat.pickup.minecraft.stone_hoe":1,"stat.pickup.aoa3.scrap_metal":2,"stat.craftItem.minecraft.furnace":4,"stat.killEntity.aoa3.bugeye":1,"stat.craftItem.minecraft.stone_axe":1,"stat.pickup.minecraft.pumpkin_pie":2,"stat.craftItem.minecraft.iron_boots":1,"stat.pickup.abyssalcraft.crystal":2,"stat.craftItem.minecraft.stone_pickaxe":2,"stat.mineBlock.biomesoplenty.double_plant":6,"stat.pickup.minecraft.cobblestone":181,"stat.mineBlock.minecraft.wooden_slab":1,"stat.pickup.dungeontactics.lithen_scythe":1,"stat.mineBlock.minecraft.clay":1,"stat.mineBlock.chisel.limestone2":2,"stat.craftItem.minecraft.stone_sword":1,"stat.flyOneCm":240322,"stat.pickup.biomesoplenty.mushroom":2,"stat.pickup.biomesoplenty.boat_willow":3,"stat.useItem.chisel.limestone2":1,"stat.drop.minecraft.wheat_seeds":2,"stat.useItem.minecraft.cooked_beef":1,"stat.pickup.minecraft.redstone":3,"stat.mineBlock.minecraft.iron_ore":61,"stat.timeSinceDeath":45167,"stat.pickup.dungeontactics.magic_scroll":1,"stat.pickup.chococraft.lovely_gysahl_green":2,"stat.useItem.minecraft.iron_pickaxe":128,"stat.craftItem.minecraft.wooden_pickaxe":1,"stat.pickup.minecraft.mutton":6,"stat.pickup.minecraft.mossy_cobblestone":17,"stat.mineBlock.biomesoplenty.log_2":10,"stat.craftItem.minecraft.bed":1,"stat.pickup.minecraft.cake":1,"stat.useItem.minecraft.potato":16,"stat.pickup.minecraft.wooden_axe":1,"stat.pickup.aoa3.fragmented_anima_stone":1,"stat.furnaceInteraction":56,"stat.drop.minecraft.dirt":1,"stat.mineBlock.minecraft.coal_ore":49,"stat.pickup.minecraft.string":5,"stat.pickup.minecraft.filled_map":1,"stat.useItem.minecraft.cooked_mutton":6,"stat.pickup.minecraft.furnace":3,"stat.entityKilledBy.Skeleton":1,"stat.craftItem.minecraft.stone_slab2":0,"stat.entityKilledBy.aoa3.swamp_charger":1,"stat.mineBlock.natura.overworld_leaves":3,"stat.sprintOneCm":250260,"stat.pickup.biomesoplenty.flower_0":2,"stat.mineBlock.minecraft.stone_slab":4,"stat.pickup.aoa3.tea_seeds":2,"stat.pickup.minecraft.skull":1,"stat.craftItem.minecraft.stick":64,"stat.craftItem.minecraft.wooden_axe":1,"stat.pickup.abyssalcraft.cobbleu":2,"stat.drop.minecraft.stone_hoe":1,"stat.useItem.minecraft.stone_slab":1,"stat.pickup.cqrepoured.bullet_diamond":4,"stat.craftItem.dungeontactics.stone_shield":2,"stat.mineBlock.minecraft.diamond_ore":10,"stat.mineBlock.biomesoplenty.mushroom":1,"stat.mineBlock.minecraft.crafting_table":2,"stat.useItem.minecraft.pumpkin_pie":2,"stat.pickup.dungeontactics.bag_arbour":2,"stat.pickup.minecraft.saddle":1,"stat.useItem.minecraft.dye":37,"stat.pickup.chococraft.gysahl_green_seeds":59,"stat.mineBlock.minecraft.oak_stairs":2,"stat.pickup.minecraft.spawn_egg":1,"stat.deaths":4,"stat.mineBlock.minecraft.planks":11,"stat.drop":75,"stat.playOneMinute":147311,"stat.pickup.cqrepoured.bullet_iron":15,"stat.killEntity.Sheep":4,"stat.craftItem.minecraft.iron_pickaxe":1,"stat.useItem.dungeontactics.golden_hammer":6,"stat.pickup.natura.overworld_seeds":1,"stat.killEntity.Zombie":3,"stat.craftItem.minecraft.dye":39,"stat.craftItem.minecraft.clay":1,"stat.mineBlock.minecraft.tallgrass":23,"stat.craftItem.minecraft.cooked_mutton":6,"stat.pickup.minecraft.netherrack":6,"stat.diveOneCm":218454,"stat.chestOpened":20,"stat.mineBlock.minecraft.mossy_cobblestone":24,"stat.pickup.aoa3.medium_skill_crystal":1,"stat.drop.biomesoplenty.waterlily":5,"stat.drop.xreliquary.mob_ingredient":1,"stat.drop.minecraft.wooden_pickaxe":2,"stat.mineBlock.minecraft.netherrack":7,"stat.pickup.minecraft.iron_sword":1,"stat.pickup.minecraft.arrow":22,"stat.pickup.minecraft.waterlily":1,"stat.useItem.minecraft.apple":1,"stat.pickup.minecraft.gold_nugget":5,"stat.craftItem.minecraft.coal":17,"stat.pickup.dungeontactics.bag_record":1,"stat.useItem.minecraft.rotten_flesh":2,"stat.drop.minecraft.iron_pickaxe":1,"stat.craftItem.biomesoplenty.planks_0":264,"stat.craftItem.minecraft.iron_hoe":1,"stat.jump":2126,"stat.pickup.minecraft.coal":49,"stat.pickup.minecraft.cooked_chicken":7,"stat.pickup.minecraft.iron_helmet":1,"stat.fallOneCm":46829,"stat.pickup.minecraft.iron_ingot":1,"stat.pickup.dungeontactics.ducttape":2,"stat.useItem.minecraft.stone_axe":17,"stat.drop.minecraft.stone_sword":1,"stat.crouchOneCm":17574,"stat.craftItem.minecraft.torch":100,"stat.craftItem.minecraft.iron_ingot":61,"stat.drop.biomesoplenty.mushroom":1,"stat.pickup.aoa3.chakram":2,"stat.craftItem.minecraft.chest":2,"stat.pickup.minecraft.dirt":42,"stat.craftItem.minecraft.iron_helmet":1,"stat.useItem.biomesoplenty.plant_1":7,"stat.pickup.minecraft.diamond_ore":3,"stat.useItem.minecraft.iron_hoe":43,"stat.drop.dungeontactics.ducttape":2,"stat.useItem.minecraft.cooked_chicken":7,"stat.craftingTableInteraction":50,"stat.pickup.minecraft.iron_ore":64,"stat.pickup.biomesoplenty.wood_slab_1":15,"stat.pickup.xreliquary.glowing_water":1,"stat.boatOneCm":107569,"stat.useItem.minecraft.sapling":15,"stat.killEntity.cqr_pirate":4,"stat.pickup.minecraft.cookie":3,"stat.pickup.natura.edibles":1,"stat.pickup.minecraft.wooden_pickaxe":3,"stat.mineBlock.biomesoplenty.willow_vine":2,"stat.damageTaken":3486,"stat.drop.minecraft.iron_hoe":2,"stat.mineBlock.minecraft.furnace":3,"stat.mineBlock.minecraft.torch":5,"stat.useItem.minecraft.wooden_pickaxe":27,"stat.useItem.minecraft.furnace":1,"stat.mineBlock.biomesoplenty.plant_1":2,"stat.mineBlock.biomesoplenty.plant_0":16,"stat.mineBlock.dungeontactics.barrel":4,"stat.pickup.minecraft.planks":33,"stat.pickup.biomesoplenty.plant_1":14,"stat.pickup.minecraft.reeds":53,"stat.pickup.chisel.limestone2":2,"stat.killEntity.CaveSpider":1,"stat.pickup.minecraft.bed":1,"stat.drop.chococraft.gysahl_green":24,"stat.pickup.minecraft.wheat_seeds":2,"stat.drop.biomesoplenty.plant_1":2,"stat.pickup.minecraft.potato":30,"stat.drop.chococraft.lovely_gysahl_green":2,"stat.pickup.minecraft.oak_stairs":2,"stat.useItem.minecraft.stone_pickaxe":153,"stat.pickup.biomesoplenty.waterlily":8,"stat.useItem.minecraft.stone_sword":69,"stat.craftItem.minecraft.iron_leggings":1,"stat.pickup.aoa3.chitin":2,"stat.damageDealt":5929,"stat.entityKilledBy.aoa3.bugeye":1,"stat.useItem.minecraft.wool":1,"stat.sleepInBed":1,"stat.craftItem.minecraft.baked_potato":5,"stat.pickup.chococraft.gysahl_green":43,"stat.killEntity.Cow":1,"stat.mineBlock.minecraft.dirt":22,"stat.pickup.minecraft.record_wait":1,"stat.drop.minecraft.stick":2,"stat.drop.minecraft.iron_axe":1,"stat.walkOneCm":364575,"stat.useItem.minecraft.bread":3,"stat.useItem.minecraft.torch":91,"stat.useItem.minecraft.chest":1,"stat.drop.aoa3.chitin":1,"stat.drop.minecraft.wheat":1,"stat.pickup.minecraft.stick":3,"stat.drop.minecraft.rotten_flesh":1,"stat.drop.abyssalcraft.cobbleu":1,"stat.pickup.minecraft.crafting_table":2,"stat.useItem.minecraft.log":20,"stat.pickup.minecraft.clay_ball":4,"stat.useItem.minecraft.cobblestone":79,"stat.craftItem.minecraft.crafting_table":9,"stat.pickup.biomesoplenty.sapling_2":8,"stat.pickup.minecraft.iron_hoe":1,"stat.mineBlock.biomesoplenty.planks_0":4,"stat.pickup.minecraft.log":159,"stat.pickup.biomesoplenty.planks_0":11,"stat.drop.biomesoplenty.sapling_2":4,"stat.craftItem.minecraft.diamond_boots":1,"stat.pickup.minecraft.compass":1,"stat.pickup.minecraft.iron_pickaxe":1,"stat.drop.minecraft.iron_chestplate":1,"stat.craftItem.minecraft.iron_chestplate":2,"stat.drop.minecraft.sapling":2,"stat.mineBlock.minecraft.wool":1,"stat.mineBlock.biomesoplenty.waterlily":3,"stat.pickup.minecraft.chainmail_leggings":1,"stat.killEntity.aoa3.clown":1,"stat.pickup.minecraft.sapling":24,"stat.pickup.aoa3.sapphire":2,"stat.pickup.minecraft.cooked_beef":1,"stat.pickup.minecraft.apple":1,"stat.drop.chococraft.gysahl_green_seeds":45,"stat.useItem.minecraft.netherrack":5,"stat.killEntity.Skeleton":4,"stat.craftItem.minecraft.bucket":1,"stat.pickup.biomesoplenty.log_2":153,"stat.craftItem.minecraft.planks":104,"stat.drop.minecraft.crafting_table":1,"stat.useItem.biomesoplenty.planks_0":141,"stat.killEntity.Spider":3,"stat.pickup.abyssalcraft.tiningot":1,"stat.pickup.minecraft.bread":2,"stat.mobKills":23,"stat.mineBlock.minecraft.log":8,"stat.useItem.biomesoplenty.boat_willow":5,"stat.mineBlock.minecraft.waterlily":1,"stat.useItem.minecraft.mossy_cobblestone":8,"stat.pickup.minecraft.diamond":12,"stat.mineBlock.minecraft.leaves":1,"stat.craftItem.biomesoplenty.boat_willow":3,"stat.pickup.minecraft.torch":6,"stat.sneakTime":7322,"stat.pickup.minecraft.wool":5,"stat.useItem.minecraft.baked_potato":5,"stat.pickup.minecraft.stone_slab":2,"stat.mineBlock.minecraft.stone":120,"stat.craftItem.biomesoplenty.wood_slab_1":30,"stat.drop.minecraft.wooden_axe":1}