{"stat.drop.minecraft.stone_pickaxe":2,"stat.cakeSlicesEaten":7,"stat.pickup.minecraft.bone":2,"stat.useItem.minecraft.iron_axe":17,"stat.leaveGame":2,"stat.mineBlock.minecraft.cobblestone":8,"stat.pickup.minecraft.stone_pickaxe":2,"stat.craftItem.minecraft.iron_axe":1,"stat.drop.minecraft.redstone":6,"stat.swimOneCm":9818,"stat.climbOneCm":3147,"stat.useItem.minecraft.planks":3,"stat.pickup.xreliquary.mob_ingredient":1,"stat.pickup.lootbags.itemlootbag":4,"stat.useItem.minecraft.dirt":22,"stat.useItem.chococraft.gysahl_green":8,"stat.useItem.minecraft.cookie":2,"stat.drop.natura.edibles":1,"stat.useItem.minecraft.stone_slab2":38,"stat.useItem.minecraft.water_bucket":1,"stat.pickup.minecraft.rotten_flesh":8,"stat.pickup.aoa3.scrap_metal":2,"stat.craftItem.minecraft.furnace":4,"stat.killEntity.aoa3.bugeye":1,"stat.craftItem.minecraft.stone_axe":1,"stat.pickup.minecraft.pumpkin_pie":2,"stat.craftItem.minecraft.iron_boots":1,"stat.craftItem.minecraft.stone_pickaxe":2,"stat.mineBlock.biomesoplenty.double_plant":5,"stat.pickup.minecraft.cobblestone":180,"stat.pickup.dungeontactics.lithen_scythe":1,"stat.mineBlock.minecraft.clay":1,"stat.mineBlock.chisel.limestone2":2,"stat.craftItem.minecraft.stone_sword":1,"stat.flyOneCm":171128,"stat.pickup.biomesoplenty.mushroom":2,"stat.useItem.chisel.limestone2":1,"stat.drop.minecraft.wheat_seeds":1,"stat.useItem.minecraft.cooked_beef":1,"stat.pickup.minecraft.redstone":3,"stat.mineBlock.minecraft.iron_ore":61,"stat.timeSinceDeath":26880,"stat.pickup.chococraft.lovely_gysahl_green":2,"stat.useItem.minecraft.iron_pickaxe":90,"stat.craftItem.minecraft.wooden_pickaxe":1,"stat.pickup.minecraft.mutton":6,"stat.mineBlock.biomesoplenty.log_2":8,"stat.craftItem.minecraft.bed":1,"stat.pickup.minecraft.cake":1,"stat.pickup.minecraft.wooden_axe":1,"stat.pickup.aoa3.fragmented_anima_stone":1,"stat.furnaceInteraction":54,"stat.mineBlock.minecraft.coal_ore":49,"stat.pickup.minecraft.string":5,"stat.useItem.minecraft.cooked_mutton":6,"stat.pickup.minecraft.furnace":3,"stat.craftItem.minecraft.stone_slab2":0,"stat.entityKilledBy.aoa3.swamp_charger":1,"stat.mineBlock.natura.overworld_leaves":3,"stat.sprintOneCm":189171,"stat.pickup.biomesoplenty.flower_0":2,"stat.mineBlock.minecraft.stone_slab":2,"stat.pickup.minecraft.skull":1,"stat.craftItem.minecraft.stick":60,"stat.craftItem.minecraft.wooden_axe":1,"stat.useItem.minecraft.stone_slab":1,"stat.craftItem.dungeontactics.stone_shield":2,"stat.mineBlock.minecraft.diamond_ore":10,"stat.mineBlock.biomesoplenty.mushroom":1,"stat.mineBlock.minecraft.crafting_table":2,"stat.useItem.minecraft.pumpkin_pie":2,"stat.pickup.dungeontactics.bag_arbour":2,"stat.pickup.minecraft.saddle":1,"stat.useItem.minecraft.dye":5,"stat.pickup.chococraft.gysahl_green_seeds":47,"stat.deaths":3,"stat.drop":45,"stat.playOneMinute":99611,"stat.killEntity.Sheep":4,"stat.craftItem.minecraft.iron_pickaxe":1,"stat.useItem.dungeontactics.golden_hammer":6,"stat.killEntity.Zombie":3,"stat.craftItem.minecraft.dye":6,"stat.craftItem.minecraft.clay":1,"stat.mineBlock.minecraft.tallgrass":15,"stat.craftItem.minecraft.cooked_mutton":6,"stat.diveOneCm":61647,"stat.chestOpened":6,"stat.pickup.aoa3.medium_skill_crystal":1,"stat.drop.biomesoplenty.waterlily":2,"stat.drop.xreliquary.mob_ingredient":1,"stat.drop.minecraft.wooden_pickaxe":2,"stat.pickup.minecraft.iron_sword":1,"stat.pickup.minecraft.arrow":18,"stat.pickup.minecraft.gold_nugget":5,"stat.craftItem.minecraft.coal":17,"stat.pickup.dungeontactics.bag_record":1,"stat.useItem.minecraft.rotten_flesh":2,"stat.craftItem.biomesoplenty.planks_0":104,"stat.craftItem.minecraft.iron_hoe":1,"stat.jump":1498,"stat.pickup.minecraft.coal":49,"stat.pickup.minecraft.cooked_chicken":7,"stat.fallOneCm":33099,"stat.pickup.minecraft.iron_ingot":1,"stat.pickup.dungeontactics.ducttape":2,"stat.useItem.minecraft.stone_axe":17,"stat.drop.minecraft.stone_sword":1,"stat.crouchOneCm":13770,"stat.craftItem.minecraft.torch":100,"stat.craftItem.minecraft.iron_ingot":61,"stat.drop.biomesoplenty.mushroom":1,"stat.pickup.aoa3.chakram":2,"stat.pickup.minecraft.dirt":40,"stat.craftItem.minecraft.iron_helmet":1,"stat.useItem.biomesoplenty.plant_1":7,"stat.pickup.minecraft.diamond_ore":3,"stat.useItem.minecraft.iron_hoe":43,"stat.drop.dungeontactics.ducttape":2,"stat.useItem.minecraft.cooked_chicken":7,"stat.craftingTableInteraction":40,"stat.pickup.minecraft.iron_ore":64,"stat.pickup.biomesoplenty.wood_slab_1":15,"stat.pickup.minecraft.cookie":3,"stat.pickup.natura.edibles":1,"stat.pickup.minecraft.wooden_pickaxe":3,"stat.mineBlock.biomesoplenty.willow_vine":2,"stat.damageTaken":2572,"stat.mineBlock.minecraft.furnace":3,"stat.mineBlock.minecraft.torch":3,"stat.useItem.minecraft.wooden_pickaxe":27,"stat.useItem.minecraft.furnace":1,"stat.mineBlock.biomesoplenty.plant_1":2,"stat.mineBlock.biomesoplenty.plant_0":9,"stat.pickup.biomesoplenty.plant_1":12,"stat.pickup.minecraft.reeds":27,"stat.pickup.chisel.limestone2":2,"stat.pickup.minecraft.bed":1,"stat.drop.chococraft.gysahl_green":24,"stat.pickup.minecraft.wheat_seeds":1,"stat.pickup.minecraft.potato":5,"stat.drop.chococraft.lovely_gysahl_green":2,"stat.useItem.minecraft.stone_pickaxe":153,"stat.pickup.biomesoplenty.waterlily":3,"stat.useItem.minecraft.stone_sword":69,"stat.craftItem.minecraft.iron_leggings":1,"stat.pickup.aoa3.chitin":2,"stat.damageDealt":3924,"stat.entityKilledBy.aoa3.bugeye":1,"stat.useItem.minecraft.wool":1,"stat.sleepInBed":1,"stat.pickup.chococraft.gysahl_green":32,"stat.killEntity.Cow":1,"stat.mineBlock.minecraft.dirt":20,"stat.pickup.minecraft.record_wait":1,"stat.drop.minecraft.stick":2,"stat.walkOneCm":262202,"stat.useItem.minecraft.bread":1,"stat.useItem.minecraft.torch":73,"stat.drop.aoa3.chitin":1,"stat.drop.minecraft.wheat":1,"stat.pickup.minecraft.stick":3,"stat.drop.minecraft.rotten_flesh":1,"stat.pickup.minecraft.crafting_table":2,"stat.pickup.minecraft.clay_ball":4,"stat.useItem.minecraft.cobblestone":79,"stat.craftItem.minecraft.crafting_table":7,"stat.pickup.biomesoplenty.sapling_2":7,"stat.mineBlock.biomesoplenty.planks_0":2,"stat.pickup.minecraft.log":4,"stat.pickup.biomesoplenty.planks_0":7,"stat.drop.biomesoplenty.sapling_2":3,"stat.pickup.minecraft.compass":1,"stat.drop.minecraft.iron_chestplate":1,"stat.craftItem.minecraft.iron_chestplate":2,"stat.drop.minecraft.sapling":2,"stat.mineBlock.biomesoplenty.waterlily":1,"stat.killEntity.aoa3.clown":1,"stat.pickup.minecraft.sapling":2,"stat.pickup.aoa3.sapphire":2,"stat.pickup.minecraft.cooked_beef":1,"stat.drop.chococraft.gysahl_green_seeds":31,"stat.killEntity.Skeleton":1,"stat.craftItem.minecraft.bucket":1,"stat.pickup.biomesoplenty.log_2":125,"stat.craftItem.minecraft.planks":16,"stat.drop.minecraft.crafting_table":1,"stat.useItem.biomesoplenty.planks_0":27,"stat.killEntity.Spider":3,"stat.pickup.abyssalcraft.tiningot":1,"stat.pickup.minecraft.bread":1,"stat.mobKills":15,"stat.mineBlock.minecraft.log":4,"stat.mineBlock.minecraft.waterlily":1,"stat.pickup.minecraft.diamond":10,"stat.mineBlock.minecraft.leaves":1,"stat.pickup.minecraft.torch":4,"stat.sneakTime":5380,"stat.pickup.minecraft.wool":4,"stat.pickup.minecraft.stone_slab":2,"stat.mineBlock.minecraft.stone":120,"stat.craftItem.biomesoplenty.wood_slab_1":30,"stat.drop.minecraft.wooden_axe":1}