{"stat.mineBlock.biomesoplenty.log_2":3,"stat.walkOneCm":23918,"stat.drop.biomesoplenty.waterlily":1,"stat.drop.minecraft.wooden_pickaxe":1,"stat.leaveGame":1,"stat.pickup.minecraft.crafting_table":1,"stat.mineBlock.minecraft.cobblestone":1,"stat.useItem.minecraft.cobblestone":1,"stat.craftItem.minecraft.crafting_table":1,"stat.craftItem.biomesoplenty.planks_0":8,"stat.jump":94,"stat.swimOneCm":99,"stat.climbOneCm":392,"stat.fallOneCm":1730,"stat.useItem.minecraft.stone_axe":1,"stat.crouchOneCm":128,"stat.mineBlock.biomesoplenty.waterlily":1,"stat.pickup.minecraft.dirt":8,"stat.useItem.minecraft.dirt":3,"stat.sprintOneCm":7689,"stat.useItem.biomesoplenty.plant_1":6,"stat.useItem.minecraft.stone_slab2":2,"stat.craftItem.minecraft.stick":4,"stat.craftingTableInteraction":5,"stat.pickup.aoa3.scrap_metal":1,"stat.pickup.biomesoplenty.log_2":3,"stat.craftItem.minecraft.stone_axe":1,"stat.pickup.minecraft.wooden_pickaxe":2,"stat.damageTaken":180,"stat.mineBlock.minecraft.crafting_table":1,"stat.useItem.minecraft.wooden_pickaxe":27,"stat.mineBlock.biomesoplenty.double_plant":3,"stat.mobKills":1,"stat.pickup.minecraft.cobblestone":28,"stat.mineBlock.biomesoplenty.plant_1":2,"stat.mineBlock.minecraft.waterlily":1,"stat.pickup.biomesoplenty.plant_1":6,"stat.flyOneCm":10335,"stat.drop":2,"stat.playOneMinute":9652,"stat.killEntity.Sheep":1,"stat.sneakTime":31,"stat.pickup.biomesoplenty.waterlily":1,"stat.pickup.minecraft.wool":1,"stat.damageDealt":81,"stat.timeSinceDeath":9652,"stat.mineBlock.minecraft.dirt":8,"stat.mineBlock.minecraft.stone":24,"stat.mineBlock.minecraft.tallgrass":1,"stat.pickup.minecraft.mutton":2}