{"stat.drop.minecraft.stone_pickaxe":2,"stat.cakeSlicesEaten":7,"stat.pickup.minecraft.bone":7,"stat.useItem.minecraft.iron_axe":105,"stat.leaveGame":2,"stat.drop.natura.overworld_seeds":10,"stat.mineBlock.minecraft.cobblestone":10,"stat.pickup.minecraft.stone_pickaxe":2,"stat.drop.minecraft.mossy_cobblestone":1,"stat.craftItem.minecraft.iron_axe":2,"stat.drop.minecraft.redstone":6,"stat.craftItem.minecraft.diamond_helmet":1,"stat.swimOneCm":38835,"stat.killEntity.aoa3.nightfly":1,"stat.climbOneCm":4540,"stat.useItem.minecraft.planks":218,"stat.pickup.xreliquary.mob_ingredient":4,"stat.pickup.lootbags.itemlootbag":5,"stat.useItem.minecraft.dirt":31,"stat.useItem.chococraft.gysahl_green":19,"stat.useItem.minecraft.cookie":2,"stat.drop.natura.edibles":1,"stat.useItem.minecraft.stone_slab2":84,"stat.useItem.minecraft.water_bucket":49,"stat.pickup.minecraft.rotten_flesh":9,"stat.pickup.minecraft.stone_hoe":1,"stat.pickup.aoa3.scrap_metal":2,"stat.craftItem.minecraft.furnace":5,"stat.killEntity.aoa3.bugeye":1,"stat.craftItem.minecraft.stone_axe":1,"stat.pickup.minecraft.pumpkin_pie":2,"stat.craftItem.minecraft.iron_boots":1,"stat.pickup.abyssalcraft.crystal":2,"stat.pickup.minecraft.name_tag":1,"stat.pickup.minecraft.coal_ore":1,"stat.craftItem.minecraft.stone_pickaxe":2,"stat.mineBlock.biomesoplenty.double_plant":6,"stat.pickup.minecraft.cobblestone":190,"stat.mineBlock.minecraft.wooden_slab":1,"stat.pickup.dungeontactics.lithen_scythe":1,"stat.mineBlock.minecraft.clay":1,"stat.mineBlock.chisel.limestone2":2,"stat.craftItem.minecraft.stone_sword":1,"stat.flyOneCm":334584,"stat.pickup.biomesoplenty.mushroom":2,"stat.pickup.minecraft.soul_sand":3,"stat.pickup.biomesoplenty.boat_willow":3,"stat.useItem.chisel.limestone2":1,"stat.drop.minecraft.wheat_seeds":2,"stat.useItem.minecraft.cooked_beef":1,"stat.craftItem.minecraft.wooden_slab":12,"stat.pickup.minecraft.redstone":3,"stat.mineBlock.minecraft.iron_ore":61,"stat.timeSinceDeath":2463,"stat.pickup.dungeontactics.magic_scroll":1,"stat.pickup.chococraft.lovely_gysahl_green":2,"stat.useItem.minecraft.iron_pickaxe":199,"stat.drop.minecraft.log":1,"stat.craftItem.minecraft.wooden_pickaxe":1,"stat.pickup.minecraft.mutton":6,"stat.pickup.minecraft.mossy_cobblestone":17,"stat.mineBlock.biomesoplenty.log_2":10,"stat.craftItem.minecraft.bed":1,"stat.pickup.minecraft.cake":1,"stat.useItem.minecraft.potato":16,"stat.pickup.minecraft.wooden_axe":5,"stat.pickup.aoa3.fragmented_anima_stone":1,"stat.useItem.natura.overworld_seeds":1,"stat.pickup.minecraft.stonebrick":9,"stat.furnaceInteraction":58,"stat.drop.minecraft.dirt":1,"stat.pickup.minecraft.diamond_shovel":1,"stat.mineBlock.minecraft.coal_ore":49,"stat.pickup.minecraft.string":5,"stat.pickup.minecraft.filled_map":1,"stat.useItem.minecraft.cooked_mutton":6,"stat.pickup.minecraft.furnace":3,"stat.entityKilledBy.Skeleton":2,"stat.craftItem.minecraft.stone_slab2":0,"stat.entityKilledBy.aoa3.swamp_charger":1,"stat.mineBlock.natura.overworld_leaves":3,"stat.sprintOneCm":317197,"stat.pickup.biomesoplenty.flower_0":2,"stat.mineBlock.minecraft.stone_slab":4,"stat.pickup.aoa3.tea_seeds":2,"stat.pickup.minecraft.skull":1,"stat.craftItem.minecraft.stick":68,"stat.craftItem.minecraft.wooden_axe":1,"stat.pickup.abyssalcraft.cobbleu":2,"stat.drop.minecraft.stone_hoe":1,"stat.useItem.minecraft.stone_slab":1,"stat.pickup.cqrepoured.bullet_diamond":4,"stat.craftItem.dungeontactics.stone_shield":2,"stat.mineBlock.minecraft.diamond_ore":10,"stat.mineBlock.biomesoplenty.mushroom":1,"stat.mineBlock.minecraft.crafting_table":2,"stat.useItem.minecraft.pumpkin_pie":2,"stat.useItem.minecraft.carrot":1,"stat.pickup.dungeontactics.bag_arbour":2,"stat.pickup.minecraft.saddle":1,"stat.useItem.minecraft.dye":37,"stat.mineBlock.minecraft.soul_sand":2,"stat.pickup.chococraft.gysahl_green_seeds":59,"stat.mineBlock.minecraft.oak_stairs":2,"stat.pickup.minecraft.spawn_egg":1,"stat.deaths":7,"stat.mineBlock.minecraft.planks":13,"stat.drop":89,"stat.playOneMinute":172511,"stat.pickup.cqrepoured.bullet_iron":15,"stat.killEntity.Sheep":4,"stat.craftItem.minecraft.iron_pickaxe":1,"stat.useItem.dungeontactics.golden_hammer":6,"stat.pickup.natura.overworld_seeds":13,"stat.killEntity.Zombie":5,"stat.craftItem.minecraft.dye":39,"stat.craftItem.minecraft.clay":1,"stat.mineBlock.minecraft.tallgrass":57,"stat.craftItem.minecraft.cooked_mutton":6,"stat.pickup.minecraft.netherrack":48,"stat.diveOneCm":219622,"stat.chestOpened":24,"stat.mineBlock.minecraft.mossy_cobblestone":24,"stat.pickup.aoa3.medium_skill_crystal":1,"stat.drop.biomesoplenty.waterlily":5,"stat.drop.xreliquary.mob_ingredient":2,"stat.drop.minecraft.wooden_pickaxe":2,"stat.mineBlock.minecraft.netherrack":48,"stat.pickup.minecraft.iron_sword":1,"stat.pickup.minecraft.arrow":22,"stat.pickup.minecraft.waterlily":1,"stat.useItem.minecraft.apple":1,"stat.pickup.minecraft.gold_nugget":5,"stat.craftItem.minecraft.coal":17,"stat.pickup.dungeontactics.bag_record":1,"stat.useItem.minecraft.rotten_flesh":2,"stat.drop.minecraft.iron_pickaxe":1,"stat.craftItem.biomesoplenty.planks_0":348,"stat.craftItem.minecraft.iron_hoe":2,"stat.jump":2764,"stat.pickup.minecraft.coal":49,"stat.pickup.minecraft.cooked_chicken":7,"stat.pickup.minecraft.iron_helmet":1,"stat.fallOneCm":71728,"stat.pickup.minecraft.iron_ingot":1,"stat.pickup.dungeontactics.ducttape":2,"stat.useItem.minecraft.stone_axe":17,"stat.drop.minecraft.stone_sword":1,"stat.crouchOneCm":26911,"stat.craftItem.minecraft.torch":100,"stat.craftItem.minecraft.iron_ingot":61,"stat.drop.biomesoplenty.mushroom":1,"stat.pickup.aoa3.chakram":2,"stat.craftItem.minecraft.chest":2,"stat.pickup.minecraft.dirt":55,"stat.craftItem.minecraft.iron_helmet":1,"stat.useItem.biomesoplenty.plant_1":7,"stat.pickup.minecraft.diamond_ore":3,"stat.useItem.minecraft.iron_hoe":124,"stat.drop.dungeontactics.ducttape":2,"stat.useItem.minecraft.cooked_chicken":9,"stat.craftingTableInteraction":54,"stat.pickup.minecraft.iron_ore":64,"stat.pickup.biomesoplenty.wood_slab_1":15,"stat.pickup.xreliquary.glowing_water":1,"stat.boatOneCm":154099,"stat.useItem.minecraft.sapling":15,"stat.killEntity.cqr_pirate":4,"stat.pickup.minecraft.cookie":3,"stat.pickup.natura.edibles":1,"stat.pickup.minecraft.wooden_pickaxe":3,"stat.mineBlock.biomesoplenty.willow_vine":2,"stat.damageTaken":4610,"stat.drop.minecraft.iron_hoe":2,"stat.mineBlock.minecraft.furnace":3,"stat.mineBlock.minecraft.torch":5,"stat.useItem.minecraft.wooden_pickaxe":27,"stat.useItem.minecraft.furnace":1,"stat.mineBlock.minecraft.sapling":2,"stat.mineBlock.biomesoplenty.plant_1":2,"stat.mineBlock.biomesoplenty.plant_0":101,"stat.pickup.minecraft.log2":4,"stat.mineBlock.dungeontactics.barrel":4,"stat.pickup.minecraft.planks":38,"stat.pickup.biomesoplenty.plant_1":14,"stat.pickup.minecraft.reeds":53,"stat.pickup.chisel.limestone2":2,"stat.killEntity.CaveSpider":1,"stat.pickup.minecraft.bed":3,"stat.drop.chococraft.gysahl_green":24,"stat.pickup.minecraft.wheat_seeds":11,"stat.drop.biomesoplenty.plant_1":2,"stat.pickup.minecraft.potato":30,"stat.drop.chococraft.lovely_gysahl_green":2,"stat.pickup.minecraft.oak_stairs":2,"stat.useItem.minecraft.stone_pickaxe":153,"stat.pickup.biomesoplenty.waterlily":8,"stat.useItem.minecraft.stone_sword":69,"stat.craftItem.minecraft.iron_leggings":1,"stat.pickup.aoa3.chitin":2,"stat.killEntity.aoa3.irkling":1,"stat.damageDealt":7109,"stat.entityKilledBy.aoa3.bugeye":1,"stat.useItem.minecraft.wool":1,"stat.sleepInBed":2,"stat.craftItem.minecraft.baked_potato":5,"stat.pickup.chococraft.gysahl_green":43,"stat.killEntity.Cow":1,"stat.mineBlock.minecraft.dirt":35,"stat.pickup.minecraft.record_wait":1,"stat.drop.minecraft.stick":2,"stat.drop.minecraft.iron_axe":1,"stat.walkOneCm":453985,"stat.useItem.minecraft.bread":3,"stat.useItem.minecraft.torch":91,"stat.useItem.minecraft.chest":1,"stat.drop.aoa3.chitin":1,"stat.drop.minecraft.wheat":1,"stat.pickup.minecraft.stick":3,"stat.drop.minecraft.rotten_flesh":2,"stat.drop.abyssalcraft.cobbleu":1,"stat.pickup.minecraft.crafting_table":2,"stat.useItem.minecraft.log":20,"stat.pickup.minecraft.clay_ball":4,"stat.useItem.minecraft.cobblestone":79,"stat.craftItem.minecraft.crafting_table":10,"stat.pickup.biomesoplenty.sapling_2":8,"stat.mineBlock.minecraft.double_plant":6,"stat.craftItem.minecraft.boat":1,"stat.pickup.minecraft.iron_hoe":1,"stat.mineBlock.biomesoplenty.planks_0":18,"stat.pickup.minecraft.log":183,"stat.pickup.biomesoplenty.planks_0":25,"stat.drop.biomesoplenty.sapling_2":4,"stat.craftItem.minecraft.diamond_boots":1,"stat.pickup.minecraft.compass":1,"stat.pickup.minecraft.iron_pickaxe":1,"stat.drop.minecraft.iron_chestplate":1,"stat.craftItem.minecraft.iron_chestplate":2,"stat.drop.minecraft.sapling":3,"stat.mineBlock.minecraft.wool":1,"stat.mineBlock.biomesoplenty.waterlily":3,"stat.pickup.minecraft.chainmail_leggings":1,"stat.killEntity.aoa3.clown":1,"stat.pickup.minecraft.sapling":29,"stat.pickup.dungeontactics.claws":1,"stat.pickup.aoa3.sapphire":2,"stat.pickup.minecraft.cooked_beef":1,"stat.pickup.minecraft.apple":1,"stat.drop.chococraft.gysahl_green_seeds":45,"stat.useItem.minecraft.netherrack":33,"stat.killEntity.Skeleton":4,"stat.craftItem.minecraft.bucket":1,"stat.mineBlock.minecraft.stonebrick":12,"stat.pickup.biomesoplenty.log_2":153,"stat.craftItem.minecraft.planks":260,"stat.drop.minecraft.crafting_table":1,"stat.useItem.biomesoplenty.planks_0":223,"stat.killEntity.Spider":3,"stat.pickup.abyssalcraft.tiningot":1,"stat.pickup.minecraft.bread":2,"stat.mobKills":27,"stat.useItem.minecraft.stonebrick":5,"stat.mineBlock.minecraft.log":12,"stat.useItem.biomesoplenty.boat_willow":5,"stat.mineBlock.minecraft.waterlily":1,"stat.craftItem.minecraft.cooked_chicken":2,"stat.useItem.minecraft.boat":1,"stat.useItem.minecraft.mossy_cobblestone":8,"stat.pickup.minecraft.diamond":12,"stat.mineBlock.minecraft.leaves":2,"stat.craftItem.biomesoplenty.boat_willow":3,"stat.pickup.minecraft.torch":6,"stat.sneakTime":10012,"stat.pickup.minecraft.wool":5,"stat.pickup.aoa3.copper_coin":1,"stat.useItem.minecraft.baked_potato":5,"stat.pickup.minecraft.stone_slab":2,"stat.useItem.minecraft.wooden_axe":6,"stat.mineBlock.minecraft.stone":129,"stat.craftItem.biomesoplenty.wood_slab_1":30,"stat.drop.minecraft.wooden_axe":2}