{"stat.drop.minecraft.stone_pickaxe":2,"stat.cakeSlicesEaten":7,"stat.pickup.minecraft.bone":2,"stat.useItem.minecraft.iron_axe":5,"stat.leaveGame":2,"stat.mineBlock.minecraft.cobblestone":6,"stat.pickup.minecraft.stone_pickaxe":2,"stat.craftItem.minecraft.iron_axe":1,"stat.drop.minecraft.redstone":6,"stat.swimOneCm":8283,"stat.climbOneCm":1936,"stat.useItem.minecraft.planks":3,"stat.pickup.xreliquary.mob_ingredient":1,"stat.pickup.lootbags.itemlootbag":1,"stat.useItem.minecraft.dirt":22,"stat.useItem.chococraft.gysahl_green":4,"stat.useItem.minecraft.cookie":2,"stat.drop.natura.edibles":1,"stat.useItem.minecraft.stone_slab2":34,"stat.pickup.minecraft.rotten_flesh":2,"stat.pickup.aoa3.scrap_metal":2,"stat.craftItem.minecraft.furnace":4,"stat.killEntity.aoa3.bugeye":1,"stat.craftItem.minecraft.stone_axe":1,"stat.pickup.minecraft.pumpkin_pie":2,"stat.craftItem.minecraft.iron_boots":1,"stat.craftItem.minecraft.stone_pickaxe":2,"stat.mineBlock.biomesoplenty.double_plant":5,"stat.pickup.minecraft.cobblestone":132,"stat.mineBlock.minecraft.clay":1,"stat.mineBlock.chisel.limestone2":2,"stat.craftItem.minecraft.stone_sword":1,"stat.flyOneCm":141578,"stat.pickup.biomesoplenty.mushroom":2,"stat.useItem.chisel.limestone2":1,"stat.drop.minecraft.wheat_seeds":1,"stat.pickup.minecraft.redstone":3,"stat.mineBlock.minecraft.iron_ore":61,"stat.timeSinceDeath":14280,"stat.pickup.chococraft.lovely_gysahl_green":2,"stat.useItem.minecraft.iron_pickaxe":85,"stat.craftItem.minecraft.wooden_pickaxe":1,"stat.pickup.minecraft.mutton":6,"stat.mineBlock.biomesoplenty.log_2":8,"stat.craftItem.minecraft.bed":1,"stat.pickup.minecraft.cake":1,"stat.pickup.minecraft.wooden_axe":1,"stat.pickup.aoa3.fragmented_anima_stone":1,"stat.furnaceInteraction":52,"stat.mineBlock.minecraft.coal_ore":49,"stat.pickup.minecraft.string":3,"stat.useItem.minecraft.cooked_mutton":6,"stat.pickup.minecraft.furnace":3,"stat.craftItem.minecraft.stone_slab2":0,"stat.entityKilledBy.aoa3.swamp_charger":1,"stat.mineBlock.natura.overworld_leaves":3,"stat.sprintOneCm":154850,"stat.pickup.biomesoplenty.flower_0":2,"stat.mineBlock.minecraft.stone_slab":2,"stat.pickup.minecraft.skull":1,"stat.craftItem.minecraft.stick":56,"stat.craftItem.minecraft.wooden_axe":1,"stat.useItem.minecraft.stone_slab":1,"stat.craftItem.dungeontactics.stone_shield":2,"stat.mineBlock.minecraft.diamond_ore":10,"stat.mineBlock.biomesoplenty.mushroom":1,"stat.mineBlock.minecraft.crafting_table":2,"stat.useItem.minecraft.pumpkin_pie":2,"stat.pickup.dungeontactics.bag_arbour":1,"stat.pickup.minecraft.saddle":1,"stat.pickup.chococraft.gysahl_green_seeds":37,"stat.deaths":3,"stat.drop":27,"stat.playOneMinute":87011,"stat.killEntity.Sheep":4,"stat.craftItem.minecraft.iron_pickaxe":1,"stat.useItem.dungeontactics.golden_hammer":6,"stat.killEntity.Zombie":1,"stat.craftItem.minecraft.clay":1,"stat.mineBlock.minecraft.tallgrass":4,"stat.craftItem.minecraft.cooked_mutton":6,"stat.diveOneCm":45412,"stat.chestOpened":4,"stat.drop.biomesoplenty.waterlily":2,"stat.drop.xreliquary.mob_ingredient":1,"stat.drop.minecraft.wooden_pickaxe":2,"stat.pickup.minecraft.iron_sword":1,"stat.pickup.minecraft.arrow":18,"stat.craftItem.minecraft.coal":17,"stat.pickup.dungeontactics.bag_record":1,"stat.useItem.minecraft.rotten_flesh":2,"stat.craftItem.biomesoplenty.planks_0":104,"stat.jump":1224,"stat.pickup.minecraft.coal":49,"stat.pickup.minecraft.cooked_chicken":7,"stat.fallOneCm":26128,"stat.pickup.minecraft.iron_ingot":1,"stat.pickup.dungeontactics.ducttape":2,"stat.useItem.minecraft.stone_axe":17,"stat.crouchOneCm":12174,"stat.craftItem.minecraft.torch":100,"stat.craftItem.minecraft.iron_ingot":61,"stat.drop.biomesoplenty.mushroom":1,"stat.pickup.aoa3.chakram":2,"stat.pickup.minecraft.dirt":40,"stat.craftItem.minecraft.iron_helmet":1,"stat.useItem.biomesoplenty.plant_1":7,"stat.pickup.minecraft.diamond_ore":3,"stat.drop.dungeontactics.ducttape":2,"stat.useItem.minecraft.cooked_chicken":5,"stat.craftingTableInteraction":39,"stat.pickup.minecraft.iron_ore":64,"stat.pickup.biomesoplenty.wood_slab_1":15,"stat.pickup.minecraft.cookie":3,"stat.pickup.natura.edibles":1,"stat.pickup.minecraft.wooden_pickaxe":3,"stat.damageTaken":2133,"stat.mineBlock.minecraft.furnace":3,"stat.mineBlock.minecraft.torch":3,"stat.useItem.minecraft.wooden_pickaxe":27,"stat.useItem.minecraft.furnace":1,"stat.mineBlock.biomesoplenty.plant_1":2,"stat.mineBlock.biomesoplenty.plant_0":2,"stat.pickup.biomesoplenty.plant_1":12,"stat.pickup.minecraft.reeds":27,"stat.pickup.chisel.limestone2":2,"stat.pickup.minecraft.bed":1,"stat.drop.chococraft.gysahl_green":24,"stat.pickup.minecraft.wheat_seeds":1,"stat.pickup.minecraft.potato":2,"stat.drop.chococraft.lovely_gysahl_green":2,"stat.useItem.minecraft.stone_pickaxe":153,"stat.pickup.biomesoplenty.waterlily":3,"stat.useItem.minecraft.stone_sword":58,"stat.craftItem.minecraft.iron_leggings":1,"stat.pickup.aoa3.chitin":2,"stat.damageDealt":2779,"stat.entityKilledBy.aoa3.bugeye":1,"stat.useItem.minecraft.wool":1,"stat.sleepInBed":1,"stat.pickup.chococraft.gysahl_green":28,"stat.killEntity.Cow":1,"stat.mineBlock.minecraft.dirt":18,"stat.pickup.minecraft.record_wait":1,"stat.walkOneCm":219759,"stat.useItem.minecraft.bread":1,"stat.useItem.minecraft.torch":59,"stat.drop.aoa3.chitin":1,"stat.pickup.minecraft.stick":1,"stat.pickup.minecraft.crafting_table":2,"stat.pickup.minecraft.clay_ball":4,"stat.useItem.minecraft.cobblestone":32,"stat.craftItem.minecraft.crafting_table":6,"stat.pickup.biomesoplenty.sapling_2":4,"stat.mineBlock.biomesoplenty.planks_0":1,"stat.pickup.minecraft.log":4,"stat.pickup.biomesoplenty.planks_0":6,"stat.pickup.minecraft.compass":1,"stat.drop.minecraft.iron_chestplate":1,"stat.craftItem.minecraft.iron_chestplate":2,"stat.mineBlock.biomesoplenty.waterlily":1,"stat.killEntity.aoa3.clown":1,"stat.pickup.aoa3.sapphire":2,"stat.pickup.minecraft.cooked_beef":1,"stat.drop.chococraft.gysahl_green_seeds":23,"stat.killEntity.Skeleton":1,"stat.pickup.biomesoplenty.log_2":79,"stat.craftItem.minecraft.planks":16,"stat.drop.minecraft.crafting_table":1,"stat.useItem.biomesoplenty.planks_0":19,"stat.killEntity.Spider":3,"stat.pickup.minecraft.bread":1,"stat.mobKills":12,"stat.mineBlock.minecraft.log":4,"stat.mineBlock.minecraft.waterlily":1,"stat.pickup.minecraft.diamond":10,"stat.mineBlock.minecraft.leaves":1,"stat.pickup.minecraft.torch":3,"stat.sneakTime":4722,"stat.pickup.minecraft.wool":4,"stat.pickup.minecraft.stone_slab":2,"stat.mineBlock.minecraft.stone":120,"stat.craftItem.biomesoplenty.wood_slab_1":30,"stat.drop.minecraft.wooden_axe":1}