{"stat.drop.minecraft.stone_pickaxe":1,"stat.chestOpened":1,"stat.mineBlock.biomesoplenty.log_2":8,"stat.walkOneCm":53024,"stat.drop.biomesoplenty.waterlily":1,"stat.pickup.minecraft.cake":1,"stat.drop.xreliquary.mob_ingredient":1,"stat.drop.minecraft.wooden_pickaxe":1,"stat.leaveGame":1,"stat.pickup.minecraft.crafting_table":2,"stat.mineBlock.minecraft.cobblestone":1,"stat.useItem.minecraft.cobblestone":1,"stat.pickup.minecraft.stone_pickaxe":1,"stat.craftItem.minecraft.crafting_table":2,"stat.furnaceInteraction":8,"stat.pickup.biomesoplenty.sapling_2":4,"stat.craftItem.biomesoplenty.planks_0":52,"stat.pickup.biomesoplenty.planks_0":2,"stat.jump":252,"stat.swimOneCm":4553,"stat.climbOneCm":1038,"stat.fallOneCm":3611,"stat.useItem.minecraft.cooked_mutton":3,"stat.pickup.minecraft.furnace":1,"stat.useItem.minecraft.stone_axe":7,"stat.craftItem.minecraft.stone_slab2":0,"stat.pickup.xreliquary.mob_ingredient":1,"stat.crouchOneCm":128,"stat.mineBlock.biomesoplenty.waterlily":1,"stat.pickup.minecraft.dirt":8,"stat.useItem.minecraft.dirt":7,"stat.useItem.chococraft.gysahl_green":4,"stat.sprintOneCm":25924,"stat.useItem.biomesoplenty.plant_1":7,"stat.useItem.minecraft.stone_slab2":10,"stat.pickup.minecraft.skull":1,"stat.craftItem.minecraft.stick":12,"stat.craftItem.minecraft.wooden_axe":1,"stat.craftingTableInteraction":13,"stat.pickup.biomesoplenty.wood_slab_1":15,"stat.pickup.aoa3.scrap_metal":1,"stat.craftItem.minecraft.furnace":1,"stat.pickup.biomesoplenty.log_2":79,"stat.pickup.minecraft.cookie":1,"stat.craftItem.dungeontactics.stone_shield":2,"stat.craftItem.minecraft.stone_axe":1,"stat.pickup.minecraft.pumpkin_pie":1,"stat.pickup.minecraft.wooden_pickaxe":2,"stat.damageTaken":360,"stat.mineBlock.minecraft.crafting_table":2,"stat.pickup.minecraft.bread":1,"stat.craftItem.minecraft.stone_pickaxe":1,"stat.mineBlock.minecraft.furnace":1,"stat.useItem.minecraft.wooden_pickaxe":27,"stat.pickup.dungeontactics.bag_arbour":1,"stat.mineBlock.biomesoplenty.double_plant":4,"stat.mobKills":4,"stat.pickup.minecraft.cobblestone":28,"stat.mineBlock.biomesoplenty.plant_1":2,"stat.pickup.chococraft.gysahl_green_seeds":14,"stat.mineBlock.minecraft.waterlily":1,"stat.pickup.biomesoplenty.plant_1":8,"stat.pickup.minecraft.reeds":27,"stat.craftItem.minecraft.stone_sword":1,"stat.flyOneCm":30012,"stat.drop":6,"stat.playOneMinute":22252,"stat.drop.chococraft.lovely_gysahl_green":2,"stat.killEntity.Sheep":4,"stat.useItem.minecraft.stone_pickaxe":5,"stat.sneakTime":31,"stat.pickup.biomesoplenty.waterlily":2,"stat.useItem.minecraft.stone_sword":6,"stat.pickup.minecraft.wool":4,"stat.damageDealt":335,"stat.timeSinceDeath":22252,"stat.pickup.chococraft.gysahl_green":4,"stat.mineBlock.minecraft.dirt":8,"stat.pickup.chococraft.lovely_gysahl_green":2,"stat.mineBlock.minecraft.stone":24,"stat.craftItem.biomesoplenty.wood_slab_1":18,"stat.mineBlock.minecraft.tallgrass":2,"stat.craftItem.minecraft.cooked_mutton":6,"stat.pickup.minecraft.mutton":6,"stat.diveOneCm":18603}