{"stat.pickup.biomesoplenty.plant_1":6,"stat.flyOneCm":8067,"stat.walkOneCm":8313,"stat.jump":52,"stat.playOneMinute":4196,"stat.climbOneCm":392,"stat.fallOneCm":1103,"stat.leaveGame":1,"stat.sneakTime":31,"stat.pickup.biomesoplenty.waterlily":1,"stat.damageDealt":34,"stat.crouchOneCm":128,"stat.timeSinceDeath":4196,"stat.mineBlock.biomesoplenty.waterlily":1,"stat.pickup.minecraft.dirt":2,"stat.sprintOneCm":5444,"stat.mineBlock.biomesoplenty.double_plant":3,"stat.mineBlock.minecraft.dirt":2,"stat.mineBlock.biomesoplenty.plant_1":2,"stat.mineBlock.minecraft.tallgrass":1,"stat.mineBlock.minecraft.waterlily":1}