{"stat.drop.minecraft.stone_pickaxe":1,"stat.leaveGame":2,"stat.mineBlock.minecraft.cobblestone":5,"stat.pickup.minecraft.stone_pickaxe":1,"stat.swimOneCm":5667,"stat.climbOneCm":1038,"stat.pickup.xreliquary.mob_ingredient":1,"stat.useItem.minecraft.dirt":7,"stat.useItem.chococraft.gysahl_green":4,"stat.useItem.minecraft.cookie":1,"stat.useItem.minecraft.stone_slab2":20,"stat.pickup.minecraft.rotten_flesh":2,"stat.pickup.aoa3.scrap_metal":1,"stat.craftItem.minecraft.furnace":3,"stat.craftItem.minecraft.stone_axe":1,"stat.pickup.minecraft.pumpkin_pie":1,"stat.craftItem.minecraft.stone_pickaxe":1,"stat.mineBlock.biomesoplenty.double_plant":5,"stat.pickup.minecraft.cobblestone":72,"stat.craftItem.minecraft.stone_sword":1,"stat.flyOneCm":46757,"stat.pickup.biomesoplenty.mushroom":2,"stat.mineBlock.minecraft.iron_ore":22,"stat.timeSinceDeath":37910,"stat.pickup.chococraft.lovely_gysahl_green":2,"stat.pickup.minecraft.mutton":6,"stat.mineBlock.biomesoplenty.log_2":8,"stat.craftItem.minecraft.bed":1,"stat.pickup.minecraft.cake":1,"stat.pickup.minecraft.wooden_axe":1,"stat.furnaceInteraction":25,"stat.mineBlock.minecraft.coal_ore":17,"stat.pickup.minecraft.string":3,"stat.useItem.minecraft.cooked_mutton":6,"stat.pickup.minecraft.furnace":1,"stat.craftItem.minecraft.stone_slab2":0,"stat.sprintOneCm":57399,"stat.mineBlock.minecraft.stone_slab":2,"stat.pickup.minecraft.skull":1,"stat.craftItem.minecraft.stick":36,"stat.craftItem.minecraft.wooden_axe":1,"stat.useItem.minecraft.stone_slab":1,"stat.craftItem.dungeontactics.stone_shield":2,"stat.mineBlock.biomesoplenty.mushroom":1,"stat.mineBlock.minecraft.crafting_table":2,"stat.useItem.minecraft.pumpkin_pie":1,"stat.pickup.dungeontactics.bag_arbour":1,"stat.pickup.chococraft.gysahl_green_seeds":14,"stat.drop":8,"stat.playOneMinute":37910,"stat.killEntity.Sheep":4,"stat.useItem.dungeontactics.golden_hammer":6,"stat.killEntity.Zombie":1,"stat.mineBlock.minecraft.tallgrass":3,"stat.craftItem.minecraft.cooked_mutton":6,"stat.diveOneCm":31377,"stat.chestOpened":1,"stat.drop.biomesoplenty.waterlily":1,"stat.drop.xreliquary.mob_ingredient":1,"stat.drop.minecraft.wooden_pickaxe":1,"stat.craftItem.minecraft.coal":17,"stat.craftItem.biomesoplenty.planks_0":60,"stat.jump":421,"stat.pickup.minecraft.coal":17,"stat.fallOneCm":7626,"stat.pickup.minecraft.iron_ingot":1,"stat.useItem.minecraft.stone_axe":7,"stat.crouchOneCm":4191,"stat.craftItem.minecraft.torch":52,"stat.craftItem.minecraft.iron_ingot":1,"stat.drop.biomesoplenty.mushroom":1,"stat.pickup.minecraft.dirt":14,"stat.useItem.biomesoplenty.plant_1":7,"stat.craftingTableInteraction":24,"stat.pickup.minecraft.iron_ore":22,"stat.pickup.biomesoplenty.wood_slab_1":15,"stat.pickup.minecraft.cookie":1,"stat.pickup.minecraft.wooden_pickaxe":2,"stat.damageTaken":790,"stat.mineBlock.minecraft.furnace":1,"stat.mineBlock.minecraft.torch":2,"stat.useItem.minecraft.wooden_pickaxe":27,"stat.mineBlock.biomesoplenty.plant_1":2,"stat.pickup.biomesoplenty.plant_1":10,"stat.pickup.minecraft.reeds":27,"stat.pickup.minecraft.bed":1,"stat.drop.chococraft.lovely_gysahl_green":2,"stat.useItem.minecraft.stone_pickaxe":91,"stat.pickup.biomesoplenty.waterlily":3,"stat.useItem.minecraft.stone_sword":26,"stat.damageDealt":1252,"stat.useItem.minecraft.wool":1,"stat.sleepInBed":1,"stat.pickup.chococraft.gysahl_green":4,"stat.killEntity.Cow":1,"stat.mineBlock.minecraft.dirt":11,"stat.walkOneCm":91617,"stat.useItem.minecraft.bread":1,"stat.useItem.minecraft.torch":27,"stat.pickup.minecraft.crafting_table":2,"stat.useItem.minecraft.cobblestone":13,"stat.craftItem.minecraft.crafting_table":4,"stat.pickup.biomesoplenty.sapling_2":4,"stat.pickup.biomesoplenty.planks_0":2,"stat.mineBlock.biomesoplenty.waterlily":1,"stat.pickup.biomesoplenty.log_2":79,"stat.killEntity.Spider":1,"stat.pickup.minecraft.bread":1,"stat.mobKills":7,"stat.mineBlock.minecraft.waterlily":1,"stat.pickup.minecraft.torch":2,"stat.sneakTime":1335,"stat.pickup.minecraft.wool":4,"stat.pickup.minecraft.stone_slab":2,"stat.mineBlock.minecraft.stone":63,"stat.craftItem.biomesoplenty.wood_slab_1":30,"stat.drop.minecraft.wooden_axe":1}