{"stat.pickup.minecraft.sand":10,"stat.walkOneCm":5273,"stat.pickup.minecraft.stick":5,"stat.leaveGame":1,"stat.mineBlock.minecraft.yellow_flower":1,"stat.mineBlock.minecraft.double_plant":11,"stat.mineBlock.minecraft.deadbush":4,"stat.mobKills":1,"stat.pickup.minecraft.reeds":16,"stat.flyOneCm":54845,"stat.pickup.minecraft.wheat_seeds":4,"stat.jump":180,"stat.swimOneCm":912,"stat.mineBlock.minecraft.sand":10,"stat.playOneMinute":4264,"stat.fallOneCm":7338,"stat.killEntity.Sheep":1,"stat.sneakTime":32,"stat.pickup.minecraft.wool":1,"stat.damageDealt":80,"stat.crouchOneCm":111,"stat.timeSinceDeath":4264,"stat.pickup.minecraft.dirt":8,"stat.pickup.minecraft.yellow_flower":1,"stat.mineBlock.minecraft.dirt":8,"stat.sprintOneCm":17471,"stat.mineBlock.minecraft.tallgrass":55,"stat.diveOneCm":6395,"stat.pickup.minecraft.mutton":1}