{"stat.leaveGame":7,"stat.pickup.quark.limestone":1,"stat.killEntity.aoa3.shade":2,"stat.killEntity.aoa3.stinger":1,"stat.drop.minecraft.feather":1,"stat.pickup.xreliquary.mob_ingredient":6,"stat.pickup.dungeontactics.mushroom_silver":1,"stat.killEntity.aoa3.goblin":2,"stat.drop.minecraft.iron_sword":1,"stat.pickup.minecraft.rotten_flesh":54,"stat.craftItem.minecraft.stone_axe":1,"stat.pickup.minecraft.bucket":1,"stat.pickup.minecraft.leather_boots":1,"stat.pickup.quark.tallow":13,"stat.useItem.minecraft.iron_pickaxe":254,"stat.craftItem.minecraft.wooden_pickaxe":2,"stat.craftItem.minecraft.bed":2,"stat.drop.dungeontactics.claws":1,"stat.mineBlock.chisel.marble2":1,"stat.mineBlock.minecraft.vine":9,"stat.furnaceInteraction":110,"stat.pickup.quark.crab_leg":1,"stat.pickup.minecraft.beef":21,"stat.pickup.minecraft.hay_block":4,"stat.pickup.biomesoplenty.flower_0":4,"stat.mineBlock.minecraft.fence":4,"stat.useItem.natura.edibles":2,"stat.pickup.minecraft.lever":1,"stat.deaths":26,"stat.pickup.minecraft.egg":2,"stat.craftItem.minecraft.iron_pickaxe":1,"stat.pickup.chisel.marble2":2,"stat.mineBlock.minecraft.tallgrass":57,"stat.craftItem.minecraft.cooked_mutton":4,"stat.chestOpened":121,"stat.drop.biomesoplenty.waterlily":4,"stat.mineBlock.biomesoplenty.bamboo":4,"stat.pickup.minecraft.arrow":31,"stat.pickup.minecraft.iron_sword":2,"stat.useItem.quark.frog_leg":1,"stat.pickup.dungeontactics.bag_ore":1,"stat.pickup.minecraft.lapis_ore":2,"stat.pickup.minecraft.gold_nugget":2,"stat.craftItem.minecraft.coal":12,"stat.pickup.minecraft.carrot":3,"stat.killEntity.aoa3.scrubby":1,"stat.crouchOneCm":26459,"stat.craftItem.minecraft.iron_ingot":65,"stat.useItem.biomesoplenty.plant_1":9,"stat.craftingTableInteraction":49,"stat.pickup.natura.edibles":4,"stat.mineBlock.minecraft.log2":63,"stat.mineBlock.aoa3.carved_rune_space":1,"stat.mineBlock.biomesoplenty.plant_1":9,"stat.mineBlock.biomesoplenty.plant_0":39,"stat.pickup.minecraft.planks":16,"stat.pickup.biomesoplenty.plant_1":14,"stat.pickup.chisel.limestone2":4,"stat.pickup.minecraft.wheat_seeds":15,"stat.drop.minecraft.soul_sand":2,"stat.mineBlock.minecraft.glass":1,"stat.pickup.biomesoplenty.waterlily":12,"stat.mineBlock.minecraft.dirt":94,"stat.pickup.minecraft.poisonous_potato":2,"stat.mineBlock.biomesoplenty.leaves_4":8,"stat.pickup.minecraft.brewing_stand":1,"stat.mineBlock.biomesoplenty.leaves_2":38,"stat.drop.minecraft.porkchop":1,"stat.drop.minecraft.rotten_flesh":12,"stat.useItem.minecraft.cobblestone":160,"stat.pickup.aoa3.runium_ore":24,"stat.mineBlock.minecraft.double_plant":1,"stat.useItem.natura.overworld_planks":357,"stat.craftItem.natura.overworld_planks":424,"stat.pickup.minecraft.iron_pickaxe":1,"stat.drop.natura.overworld_planks":52,"stat.mineBlock.natura.overworld_leaves2":22,"stat.craftItem.minecraft.gold_ingot":16,"stat.drop.minecraft.sapling":5,"stat.pickup.minecraft.chicken":8,"stat.pickup.minecraft.tipped_arrow":11,"stat.pickup.wearablebackpacks.backpack":4,"stat.pickup.minecraft.apple":5,"stat.drop.minecraft.fish":1,"stat.craftItem.minecraft.bucket":1,"stat.craftItem.aoa3.charger_shank":3,"stat.craftItem.minecraft.planks":208,"stat.useItem.minecraft.iron_sword":275,"stat.mineBlock.abyssalcraft.coraliumore":21,"stat.pickup.natura.overworld_planks":62,"stat.pickup.biomesoplenty.berries":4,"stat.pickup.minecraft.stone_sword":1,"stat.drop.biomesoplenty.flower_0":2,"stat.pickup.aoa3.raw_charger_shank":3,"stat.mineBlock.minecraft.log":27,"stat.craftItem.biomesoplenty.boat_willow":3,"stat.pickup.dungeontactics.bag_quiver":1,"stat.pickup.minecraft.wool":5,"stat.pickup.aoa3.copper_coin":8,"stat.useItem.minecraft.iron_axe":2,"stat.mineBlock.minecraft.cobblestone":17,"stat.pickup.minecraft.stone_pickaxe":3,"stat.entityKilledBy.Witch":1,"stat.craftItem.minecraft.wool":3,"stat.pickup.minecraft.enchanted_book":1,"stat.drop.minecraft.cobblestone":1,"stat.mineBlock.natura.overworld_berrybush_blackberry":4,"stat.useItem.chococraft.gysahl_green":1,"stat.useItem.minecraft.stone_slab2":80,"stat.pickup.minecraft.bow":1,"stat.killEntity.Piranha":1,"stat.useItem.quark.crab_leg":1,"stat.craftItem.minecraft.furnace":4,"stat.craftItem.minecraft.iron_boots":1,"stat.drop.dungeontactics.wackerjab":1,"stat.craftItem.minecraft.cooked_beef":21,"stat.flyOneCm":1326152,"stat.pickup.minecraft.fish":3,"stat.useItem.aoa3.charger_shank":3,"stat.timeSinceDeath":33004,"stat.pickup.minecraft.quartz_ore":3,"stat.useItem.biomesoplenty.pear":1,"stat.pickup.dungeontactics.magic_scroll":1,"stat.pickup.chococraft.lovely_gysahl_green":1,"stat.pickup.aoa3.limonite_ore":4,"stat.pickup.minecraft.nether_wart":5,"stat.mineBlock.minecraft.coal_ore":79,"stat.killEntity.Creeper":2,"stat.pickup.minecraft.shield":1,"stat.pickup.minecraft.string":17,"stat.entityKilledBy.Skeleton":9,"stat.killEntity.aoa3.cyclops":2,"stat.sprintOneCm":833060,"stat.mineBlock.biomesoplenty.flower_0":3,"stat.mineBlock.biomesoplenty.grass":1,"stat.drop.aoa3.scrap_metal":1,"stat.useItem.lootbags.itemlootbag":16,"stat.mineBlock.minecraft.diamond_ore":11,"stat.pickup.biomesoplenty.bamboo":19,"stat.pickup.natura.overworld_logs":13,"stat.pickup.minecraft.leather_leggings":2,"stat.pickup.dungeontactics.ration_iron":1,"stat.useItem.minecraft.diamond_ore":1,"stat.pickup.aoa3.amethyst":1,"stat.killEntity.Zombie":40,"stat.mineBlock.minecraft.gold_ore":8,"stat.diveOneCm":126172,"stat.mineBlock.minecraft.mossy_cobblestone":11,"stat.craftItem.minecraft.cooked_porkchop":12,"stat.drop.lootbags.itemlootbag":1,"stat.useItem.minecraft.rotten_flesh":33,"stat.pickup.aoa3.holly_arrow":5,"stat.jump":6945,"stat.pickup.minecraft.coal":80,"stat.pickup.dungeontactics.ducttape":2,"stat.pickup.minecraft.iron_ingot":1,"stat.mineBlock.natura.overworld_planks":11,"stat.drop.minecraft.diamond_sword":1,"stat.pickup.minecraft.gunpowder":4,"stat.craftItem.minecraft.torch":152,"stat.drop.natura.overworld_sapling":2,"stat.pickup.minecraft.dirt":132,"stat.pickup.minecraft.gold_ore":8,"stat.pickup.minecraft.cookie":1,"stat.mineBlock.biomesoplenty.willow_vine":3,"stat.damageTaken":10929,"stat.mineBlock.minecraft.torch":9,"stat.mineBlock.minecraft.melon_block":3,"stat.pickup.minecraft.log2":107,"stat.pickup.minecraft.bed":18,"stat.drop.biomesoplenty.plant_1":2,"stat.pickup.minecraft.potato":6,"stat.entityKilledBy.Zombie":2,"stat.entityKilledBy.aoa3.bugeye":1,"stat.pickup.chococraft.gysahl_green":16,"stat.mineBlock.aoa3.limonite_ore":4,"stat.animalsBred":1,"stat.useItem.minecraft.chest":1,"stat.useItem.minecraft.lava_bucket":3,"stat.drop.minecraft.netherrack":44,"stat.useItem.minecraft.melon":4,"stat.craftItem.minecraft.wheat":36,"stat.craftItem.minecraft.iron_chestplate":1,"stat.mineBlock.biomesoplenty.waterlily":2,"stat.useItem.minecraft.netherrack":2,"stat.mineBlock.minecraft.stonebrick":8,"stat.mineBlock.minecraft.glowstone":5,"stat.mobKills":123,"stat.pickup.minecraft.diamond_boots":2,"stat.useItem.biomesoplenty.boat_willow":9,"stat.pickup.minecraft.diamond":11,"stat.drop.aoa3.holly_arrow":5,"stat.pickup.minecraft.torch":10,"stat.killEntity.aoa3.fishix":1,"stat.drop.minecraft.arrow":1,"stat.pickup.abyssalcraft.coralium":45,"stat.drop.minecraft.waterlily":1,"stat.killEntity.aoa3.sasquatch":1,"stat.pickup.natura.overworld_logs2":96,"stat.craftItem.minecraft.iron_axe":1,"stat.useItem.minecraft.planks":125,"stat.pickup.minecraft.glowstone_dust":14,"stat.pickup.minecraft.porkchop":14,"stat.drop.minecraft.melon":1,"stat.drop.natura.edibles":1,"stat.pickup.minecraft.sand":12,"stat.pickup.aoa3.scrap_metal":3,"stat.entityKilledBy.aoa3.goblin":1,"stat.killEntity.abyssalcraft.abyssalzombie":1,"stat.pickup.biomesoplenty.pear":1,"stat.useItem.dungeontactics.diamond_battleaxe":335,"stat.craftItem.minecraft.stone_sword":2,"stat.mineBlock.minecraft.sand":12,"stat.pickup.quark.rune":1,"stat.killEntity.aoa3.dicer":1,"stat.craftItem.wearablebackpacks.backpack":1,"stat.mineBlock.biomesoplenty.dirt":2,"stat.drop.minecraft.rail":5,"stat.pickup.minecraft.filled_map":2,"stat.pickup.minecraft.furnace":3,"stat.useItem.minecraft.cooked_mutton":4,"stat.mineBlock.natura.overworld_leaves":1,"stat.pickup.minecraft.skull":5,"stat.pickup.minecraft.saddle":1,"stat.mineBlock.minecraft.soul_sand":3,"stat.mineBlock.minecraft.oak_stairs":2,"stat.playOneMinute":345370,"stat.killEntity.aoa3.night_reaper":1,"stat.pickup.dimdoors.world_thread":2,"stat.pickup.natura.overworld_seeds":2,"stat.killEntity.aoa3.bush_baby":1,"stat.pickup.minecraft.iron_bars":6,"stat.pickup.minecraft.netherrack":54,"stat.killEntity.quark:crab":1,"stat.useItem.minecraft.fish":1,"stat.mineBlock.minecraft.netherrack":24,"stat.pickup.minecraft.waterlily":1,"stat.craftItem.biomesoplenty.planks_0":152,"stat.mineBlock.minecraft.gold_block":1,"stat.fallOneCm":200571,"stat.craftItem.minecraft.chest":2,"stat.pickup.minecraft.melon":18,"stat.pickup.xreliquary.glowing_water":1,"stat.mineBlock.quark.limestone":1,"stat.pickup.minecraft.feather":25,"stat.drop.minecraft.bone":2,"stat.useItem.minecraft.furnace":1,"stat.killEntity.aoa3.shadow":2,"stat.pickup.minecraft.iron_leggings":2,"stat.mineBlock.natura.overworld_logs2":95,"stat.mineBlock.minecraft.gravel":4,"stat.useItem.minecraft.stone_pickaxe":133,"stat.drop.natura.overworld_logs2":2,"stat.useItem.minecraft.stone_sword":42,"stat.craftItem.minecraft.iron_leggings":1,"stat.killEntity.aoa3.charger":5,"stat.useItem.minecraft.wool":1,"stat.pickup.minecraft.redstone_ore":2,"stat.useItem.biomesoplenty.berries":2,"stat.useItem.minecraft.torch":164,"stat.pickup.minecraft.crafting_table":1,"stat.pickup.biomesoplenty.coral":6,"stat.craftItem.minecraft.crafting_table":10,"stat.drop.biomesoplenty.coral":2,"stat.pickup.minecraft.log":27,"stat.pickup.biomesoplenty.planks_0":53,"stat.pickup.dungeontactics.heart_jar":4,"stat.drop.minecraft.planks":7,"stat.pickup.minecraft.sapling":10,"stat.pickup.minecraft.wooden_door":1,"stat.pickup.aoa3.sapphire":2,"stat.pickup.quark.frog_leg":1,"stat.mineBlock.aoa3.runium_ore":24,"stat.pickup.minecraft.golden_sword":2,"stat.craftItem.minecraft.cooked_chicken":8,"stat.craftItem.dungeontactics.iron_shield":1,"stat.sneakTime":10162,"stat.drop.minecraft.stone_pickaxe":2,"stat.pickup.minecraft.bone":18,"stat.useItem.minecraft.log2":1,"stat.useItem.minecraft.diamond_sword":48,"stat.swimOneCm":61499,"stat.climbOneCm":8908,"stat.mineBlock.quark.roots":1,"stat.pickup.lootbags.itemlootbag":19,"stat.useItem.minecraft.dirt":75,"stat.pickup.dungeontactics.throwing_knife_weakness":1,"stat.craftItem.minecraft.stone_pickaxe":1,"stat.pickup.minecraft.cobblestone":220,"stat.mineBlock.biomesoplenty.double_plant":3,"stat.pickup.minecraft.gold_block":1,"stat.mineBlock.chisel.limestone2":4,"stat.pickup.minecraft.soul_sand":12,"stat.pickup.biomesoplenty.boat_willow":8,"stat.drop.minecraft.wheat_seeds":4,"stat.useItem.minecraft.cooked_beef":12,"stat.pickup.minecraft.redstone":3,"stat.mineBlock.minecraft.iron_ore":70,"stat.pickup.minecraft.mutton":5,"stat.pickup.minecraft.mossy_cobblestone":1,"stat.mineBlock.biomesoplenty.log_2":8,"stat.drop.minecraft.coal":1,"stat.pickup.abyssalcraft.shadowshard":2,"stat.pickup.minecraft.wooden_axe":1,"stat.pickup.dungeontactics.mushroom_iron":2,"stat.pickup.minecraft.stonebrick":5,"stat.drop.minecraft.dirt":26,"stat.useItem.minecraft.cooked_porkchop":6,"stat.craftItem.aoa3.limonite_ingot":4,"stat.entityKilledBy.aoa3.goalby":1,"stat.craftItem.minecraft.stone_slab2":0,"stat.craftItem.minecraft.stick":56,"stat.pickup.aoa3.holly_top_seeds":1,"stat.mineBlock.minecraft.crafting_table":2,"stat.useItem.minecraft.diamond_pickaxe":140,"stat.pickup.natura.overworld_sapling":2,"stat.pickup.chococraft.gysahl_green_seeds":19,"stat.entityKilledBy.Creeper":2,"stat.mineBlock.minecraft.planks":75,"stat.drop":87,"stat.killEntity.Sheep":4,"stat.drop.minecraft.iron_boots":1,"stat.craftItem.minecraft.diamond_pickaxe":1,"stat.drop.minecraft.wooden_pickaxe":1,"stat.pickup.minecraft.gravel":1,"stat.useItem.minecraft.apple":1,"stat.useItem.minecraft.porkchop":7,"stat.pickup.dungeontactics.bag_record":1,"stat.pickup.minecraft.diamond_sword":2,"stat.pickup.minecraft.iron_helmet":1,"stat.useItem.minecraft.stone_axe":47,"stat.entityKilledBy.CaveSpider":2,"stat.pickup.minecraft.spider_eye":3,"stat.craftItem.minecraft.iron_helmet":1,"stat.pickup.minecraft.diamond_ore":3,"stat.useItem.minecraft.cooked_chicken":12,"stat.drop.dungeontactics.ducttape":1,"stat.pickup.minecraft.iron_ore":71,"stat.boatOneCm":313391,"stat.mineBlock.minecraft.iron_bars":9,"stat.mineBlock.minecraft.leaves2":6,"stat.mineBlock.minecraft.stone_stairs":3,"stat.pickup.minecraft.leather":9,"stat.pickup.dungeontactics.iron_shield":2,"stat.mineBlock.minecraft.furnace":3,"stat.useItem.minecraft.wooden_pickaxe":30,"stat.dispenserInspected":8,"stat.pickup.natura.overworld_berrybush_blackberry":4,"stat.pickup.minecraft.reeds":8,"stat.pickup.dungeontactics.bag_book":2,"stat.killEntity.CaveSpider":5,"stat.drop.chococraft.gysahl_green":13,"stat.damageDealt":26027,"stat.drop.minecraft.cooked_chicken":2,"stat.sleepInBed":18,"stat.killEntity.Cow":11,"stat.killEntity.Pig":6,"stat.craftItem.minecraft.iron_sword":1,"stat.walkOneCm":1065027,"stat.useItem.quark.custom_chest":1,"stat.pickup.minecraft.stick":6,"stat.craftItem.quark.custom_chest":3,"stat.pickup.biomesoplenty.sapling_2":8,"stat.useItem.biomesoplenty.bamboo":1,"stat.drop.biomesoplenty.bamboo":9,"stat.pickup.quark.root_flower":1,"stat.pickup.aoa3.carved_rune_space":1,"stat.mineBlock.minecraft.wool":1,"stat.killEntity.Skeleton":14,"stat.pickup.biomesoplenty.log_2":50,"stat.killEntity.Chicken":7,"stat.killEntity.Spider":5,"stat.pickup.minecraft.bread":2,"stat.pickup.dungeontactics.diamond_club":1,"stat.drop.minecraft.filled_map":1,"stat.drop.minecraft.diamond_boots":1,"stat.mineBlock.minecraft.leaves":32,"stat.mineBlock.minecraft.hay_block":4,"stat.mineBlock.minecraft.stone":186}