{"stat.pickup.minecraft.bone":1,"stat.mineBlock.biomesoplenty.bamboo":1,"stat.drop.minecraft.wooden_pickaxe":1,"stat.leaveGame":2,"stat.killEntity.aoa3.sasquatch":1,"stat.useItem.quark.frog_leg":1,"stat.drop.lootbags.itemlootbag":1,"stat.pickup.minecraft.gold_nugget":2,"stat.craftItem.minecraft.coal":12,"stat.craftItem.biomesoplenty.planks_0":64,"stat.jump":522,"stat.swimOneCm":6116,"stat.fallOneCm":12394,"stat.climbOneCm":869,"stat.killEntity.aoa3.stinger":1,"stat.mineBlock.natura.overworld_planks":1,"stat.useItem.minecraft.stone_axe":42,"stat.pickup.xreliquary.mob_ingredient":1,"stat.crouchOneCm":257,"stat.pickup.lootbags.itemlootbag":3,"stat.craftItem.minecraft.torch":8,"stat.drop.natura.overworld_sapling":2,"stat.drop.minecraft.melon":1,"stat.pickup.minecraft.dirt":38,"stat.useItem.minecraft.dirt":17,"stat.mineBlock.natura.overworld_berrybush_blackberry":4,"stat.useItem.chococraft.gysahl_green":1,"stat.useItem.minecraft.stone_slab2":8,"stat.pickup.minecraft.melon":18,"stat.craftingTableInteraction":10,"stat.pickup.minecraft.iron_ore":4,"stat.pickup.minecraft.rotten_flesh":3,"stat.craftItem.minecraft.furnace":1,"stat.pickup.aoa3.scrap_metal":1,"stat.pickup.natura.edibles":2,"stat.craftItem.minecraft.stone_axe":1,"stat.mineBlock.biomesoplenty.willow_vine":3,"stat.damageTaken":880,"stat.pickup.minecraft.feather":5,"stat.pickup.biomesoplenty.pear":1,"stat.craftItem.minecraft.stone_pickaxe":1,"stat.mineBlock.minecraft.torch":1,"stat.mineBlock.minecraft.furnace":2,"stat.mineBlock.minecraft.melon_block":3,"stat.useItem.minecraft.wooden_pickaxe":30,"stat.pickup.minecraft.cobblestone":97,"stat.mineBlock.biomesoplenty.double_plant":1,"stat.mineBlock.biomesoplenty.plant_1":4,"stat.mineBlock.biomesoplenty.plant_0":7,"stat.pickup.natura.overworld_berrybush_blackberry":4,"stat.pickup.minecraft.planks":7,"stat.mineBlock.chisel.limestone2":4,"stat.pickup.biomesoplenty.plant_1":6,"stat.pickup.minecraft.reeds":8,"stat.pickup.chisel.limestone2":4,"stat.craftItem.minecraft.stone_sword":2,"stat.flyOneCm":76929,"stat.pickup.minecraft.bed":2,"stat.drop.chococraft.gysahl_green":13,"stat.pickup.minecraft.wheat_seeds":3,"stat.useItem.minecraft.stone_pickaxe":111,"stat.pickup.biomesoplenty.waterlily":1,"stat.useItem.minecraft.stone_sword":20,"stat.damageDealt":1498,"stat.mineBlock.minecraft.iron_ore":4,"stat.sleepInBed":3,"stat.timeSinceDeath":10671,"stat.pickup.chococraft.gysahl_green":16,"stat.useItem.biomesoplenty.pear":1,"stat.useItem.biomesoplenty.berries":1,"stat.mineBlock.minecraft.dirt":36,"stat.pickup.chococraft.lovely_gysahl_green":1,"stat.craftItem.minecraft.wooden_pickaxe":2,"stat.pickup.minecraft.mutton":4,"stat.mineBlock.biomesoplenty.log_2":6,"stat.walkOneCm":93345,"stat.craftItem.minecraft.bed":1,"stat.useItem.minecraft.torch":4,"stat.pickup.minecraft.stick":4,"stat.mineBlock.chisel.marble2":1,"stat.mineBlock.minecraft.vine":2,"stat.pickup.minecraft.crafting_table":1,"stat.craftItem.minecraft.crafting_table":3,"stat.furnaceInteraction":9,"stat.pickup.biomesoplenty.sapling_2":8,"stat.useItem.natura.overworld_planks":1,"stat.craftItem.natura.overworld_planks":52,"stat.killEntity.Creeper":1,"stat.pickup.minecraft.log":4,"stat.pickup.biomesoplenty.planks_0":32,"stat.useItem.minecraft.melon":4,"stat.pickup.minecraft.furnace":2,"stat.useItem.minecraft.cooked_mutton":3,"stat.drop.natura.overworld_planks":52,"stat.craftItem.minecraft.stone_slab2":0,"stat.drop.minecraft.planks":7,"stat.pickup.minecraft.chicken":2,"stat.mineBlock.biomesoplenty.waterlily":2,"stat.sprintOneCm":50393,"stat.pickup.minecraft.skull":1,"stat.craftItem.minecraft.stick":20,"stat.pickup.biomesoplenty.log_2":48,"stat.craftItem.minecraft.planks":16,"stat.killEntity.Chicken":2,"stat.useItem.lootbags.itemlootbag":14,"stat.mineBlock.minecraft.crafting_table":1,"stat.pickup.quark.frog_leg":1,"stat.pickup.natura.overworld_planks":1,"stat.pickup.biomesoplenty.berries":1,"stat.pickup.minecraft.stone_sword":1,"stat.pickup.natura.overworld_sapling":2,"stat.pickup.biomesoplenty.bamboo":9,"stat.pickup.natura.overworld_logs":13,"stat.mobKills":11,"stat.mineBlock.minecraft.log":4,"stat.pickup.chococraft.gysahl_green_seeds":19,"stat.useItem.natura.edibles":2,"stat.deaths":2,"stat.drop":20,"stat.mineBlock.minecraft.leaves":2,"stat.playOneMinute":38506,"stat.pickup.minecraft.torch":1,"stat.killEntity.Sheep":3,"stat.sneakTime":328,"stat.pickup.minecraft.wool":3,"stat.pickup.aoa3.copper_coin":4,"stat.killEntity.Zombie":2,"stat.killEntity.aoa3.bush_baby":1,"stat.mineBlock.minecraft.stone":100,"stat.pickup.chisel.marble2":2,"stat.mineBlock.minecraft.tallgrass":23,"stat.craftItem.minecraft.cooked_mutton":4,"stat.diveOneCm":14473}