{"stat.mineBlock.biomesoplenty.log_2":6,"stat.walkOneCm":42132,"stat.useItem.minecraft.torch":4,"stat.drop.minecraft.wooden_pickaxe":1,"stat.leaveGame":1,"stat.mineBlock.chisel.marble2":1,"stat.pickup.minecraft.crafting_table":1,"stat.craftItem.minecraft.crafting_table":1,"stat.furnaceInteraction":5,"stat.pickup.biomesoplenty.sapling_2":8,"stat.pickup.minecraft.gold_nugget":1,"stat.craftItem.minecraft.coal":12,"stat.craftItem.biomesoplenty.planks_0":64,"stat.jump":68,"stat.fallOneCm":209,"stat.useItem.minecraft.stone_axe":4,"stat.craftItem.minecraft.stone_slab2":0,"stat.craftItem.minecraft.torch":8,"stat.pickup.minecraft.dirt":32,"stat.useItem.minecraft.dirt":17,"stat.sprintOneCm":2679,"stat.useItem.minecraft.stone_slab2":3,"stat.craftItem.minecraft.stick":16,"stat.craftingTableInteraction":8,"stat.pickup.minecraft.iron_ore":4,"stat.pickup.minecraft.rotten_flesh":2,"stat.craftItem.minecraft.furnace":1,"stat.pickup.aoa3.scrap_metal":1,"stat.pickup.biomesoplenty.log_2":48,"stat.craftItem.minecraft.stone_axe":1,"stat.mineBlock.biomesoplenty.willow_vine":1,"stat.mineBlock.minecraft.crafting_table":1,"stat.pickup.biomesoplenty.pear":1,"stat.pickup.minecraft.stone_sword":1,"stat.craftItem.minecraft.stone_pickaxe":1,"stat.mineBlock.minecraft.torch":1,"stat.useItem.minecraft.wooden_pickaxe":29,"stat.pickup.minecraft.cobblestone":97,"stat.mobKills":1,"stat.mineBlock.biomesoplenty.plant_1":3,"stat.mineBlock.biomesoplenty.plant_0":1,"stat.mineBlock.chisel.limestone2":4,"stat.pickup.biomesoplenty.plant_1":3,"stat.pickup.chisel.limestone2":4,"stat.craftItem.minecraft.stone_sword":2,"stat.flyOneCm":3090,"stat.pickup.minecraft.wheat_seeds":1,"stat.drop":1,"stat.playOneMinute":15971,"stat.pickup.minecraft.torch":1,"stat.useItem.minecraft.stone_pickaxe":105,"stat.useItem.minecraft.stone_sword":8,"stat.damageDealt":300,"stat.mineBlock.minecraft.iron_ore":4,"stat.killEntity.Zombie":1,"stat.timeSinceDeath":15971,"stat.mineBlock.minecraft.dirt":32,"stat.craftItem.minecraft.wooden_pickaxe":1,"stat.mineBlock.minecraft.stone":100,"stat.pickup.chisel.marble2":1,"stat.mineBlock.minecraft.tallgrass":5}