{"stat.pickup.minecraft.bone":1,"stat.mineBlock.biomesoplenty.bamboo":1,"stat.drop.minecraft.wooden_pickaxe":1,"stat.leaveGame":1,"stat.killEntity.aoa3.sasquatch":1,"stat.useItem.quark.frog_leg":1,"stat.pickup.minecraft.gold_nugget":1,"stat.craftItem.minecraft.coal":12,"stat.craftItem.biomesoplenty.planks_0":64,"stat.jump":353,"stat.swimOneCm":4618,"stat.fallOneCm":6775,"stat.climbOneCm":433,"stat.mineBlock.natura.overworld_planks":1,"stat.useItem.minecraft.stone_axe":42,"stat.pickup.xreliquary.mob_ingredient":1,"stat.pickup.lootbags.itemlootbag":2,"stat.craftItem.minecraft.torch":8,"stat.pickup.minecraft.dirt":32,"stat.useItem.minecraft.dirt":17,"stat.mineBlock.natura.overworld_berrybush_blackberry":4,"stat.useItem.chococraft.gysahl_green":1,"stat.useItem.minecraft.stone_slab2":3,"stat.pickup.minecraft.melon":18,"stat.craftingTableInteraction":8,"stat.pickup.minecraft.iron_ore":4,"stat.pickup.minecraft.rotten_flesh":3,"stat.craftItem.minecraft.furnace":1,"stat.pickup.aoa3.scrap_metal":1,"stat.pickup.natura.edibles":2,"stat.craftItem.minecraft.stone_axe":1,"stat.mineBlock.biomesoplenty.willow_vine":3,"stat.damageTaken":640,"stat.pickup.minecraft.feather":5,"stat.pickup.biomesoplenty.pear":1,"stat.craftItem.minecraft.stone_pickaxe":1,"stat.mineBlock.minecraft.torch":1,"stat.mineBlock.minecraft.furnace":1,"stat.mineBlock.minecraft.melon_block":3,"stat.useItem.minecraft.wooden_pickaxe":29,"stat.pickup.minecraft.cobblestone":97,"stat.mineBlock.biomesoplenty.double_plant":1,"stat.mineBlock.biomesoplenty.plant_1":4,"stat.mineBlock.biomesoplenty.plant_0":6,"stat.pickup.natura.overworld_berrybush_blackberry":4,"stat.mineBlock.chisel.limestone2":4,"stat.pickup.biomesoplenty.plant_1":6,"stat.pickup.minecraft.reeds":8,"stat.pickup.chisel.limestone2":4,"stat.craftItem.minecraft.stone_sword":2,"stat.flyOneCm":54509,"stat.drop.chococraft.gysahl_green":13,"stat.pickup.minecraft.wheat_seeds":3,"stat.useItem.minecraft.stone_pickaxe":110,"stat.pickup.biomesoplenty.waterlily":1,"stat.useItem.minecraft.stone_sword":11,"stat.damageDealt":1157,"stat.mineBlock.minecraft.iron_ore":4,"stat.timeSinceDeath":736,"stat.pickup.chococraft.gysahl_green":16,"stat.useItem.biomesoplenty.pear":1,"stat.useItem.biomesoplenty.berries":1,"stat.mineBlock.minecraft.dirt":32,"stat.pickup.chococraft.lovely_gysahl_green":1,"stat.craftItem.minecraft.wooden_pickaxe":1,"stat.mineBlock.biomesoplenty.log_2":6,"stat.walkOneCm":79240,"stat.useItem.minecraft.torch":4,"stat.pickup.minecraft.stick":2,"stat.mineBlock.chisel.marble2":1,"stat.pickup.minecraft.crafting_table":1,"stat.craftItem.minecraft.crafting_table":1,"stat.furnaceInteraction":5,"stat.pickup.biomesoplenty.sapling_2":8,"stat.useItem.natura.overworld_planks":1,"stat.craftItem.natura.overworld_planks":52,"stat.killEntity.Creeper":1,"stat.pickup.minecraft.furnace":1,"stat.drop.natura.overworld_planks":52,"stat.craftItem.minecraft.stone_slab2":0,"stat.pickup.minecraft.chicken":2,"stat.mineBlock.biomesoplenty.waterlily":2,"stat.sprintOneCm":35663,"stat.pickup.minecraft.skull":1,"stat.craftItem.minecraft.stick":16,"stat.pickup.biomesoplenty.log_2":48,"stat.killEntity.Chicken":2,"stat.mineBlock.minecraft.crafting_table":1,"stat.pickup.quark.frog_leg":1,"stat.pickup.natura.overworld_planks":1,"stat.pickup.biomesoplenty.berries":1,"stat.pickup.minecraft.stone_sword":1,"stat.pickup.natura.overworld_sapling":2,"stat.pickup.biomesoplenty.bamboo":9,"stat.pickup.natura.overworld_logs":13,"stat.mobKills":7,"stat.pickup.chococraft.gysahl_green_seeds":19,"stat.useItem.natura.edibles":2,"stat.deaths":2,"stat.drop":15,"stat.playOneMinute":28571,"stat.pickup.minecraft.torch":1,"stat.sneakTime":8,"stat.pickup.aoa3.copper_coin":4,"stat.killEntity.Zombie":2,"stat.killEntity.aoa3.bush_baby":1,"stat.mineBlock.minecraft.stone":100,"stat.pickup.chisel.marble2":1,"stat.mineBlock.minecraft.tallgrass":22,"stat.diveOneCm":9132}