{"stat.pickup.abyssalcraft.coralium":45,"stat.drop.minecraft.waterlily":1,"stat.leaveGame":4,"stat.killEntity.aoa3.sasquatch":1,"stat.craftItem.minecraft.iron_axe":1,"stat.pickup.quark.limestone":1,"stat.killEntity.aoa3.shade":2,"stat.killEntity.aoa3.stinger":1,"stat.useItem.minecraft.planks":78,"stat.pickup.minecraft.glowstone_dust":10,"stat.pickup.minecraft.porkchop":14,"stat.pickup.xreliquary.mob_ingredient":1,"stat.pickup.dungeontactics.mushroom_silver":1,"stat.drop.minecraft.melon":1,"stat.drop.natura.edibles":1,"stat.killEntity.aoa3.goblin":2,"stat.drop.minecraft.iron_sword":1,"stat.pickup.minecraft.rotten_flesh":19,"stat.pickup.minecraft.sand":12,"stat.pickup.aoa3.scrap_metal":2,"stat.craftItem.minecraft.stone_axe":1,"stat.killEntity.abyssalcraft.abyssalzombie":1,"stat.pickup.biomesoplenty.pear":1,"stat.useItem.dungeontactics.diamond_battleaxe":53,"stat.pickup.minecraft.leather_boots":1,"stat.craftItem.minecraft.stone_sword":2,"stat.mineBlock.minecraft.sand":12,"stat.pickup.quark.tallow":13,"stat.killEntity.aoa3.dicer":1,"stat.useItem.minecraft.iron_pickaxe":254,"stat.craftItem.minecraft.wooden_pickaxe":2,"stat.craftItem.wearablebackpacks.backpack":1,"stat.craftItem.minecraft.bed":1,"stat.mineBlock.chisel.marble2":1,"stat.mineBlock.minecraft.vine":6,"stat.furnaceInteraction":85,"stat.pickup.quark.crab_leg":1,"stat.pickup.minecraft.beef":21,"stat.pickup.minecraft.furnace":3,"stat.useItem.minecraft.cooked_mutton":4,"stat.pickup.minecraft.hay_block":4,"stat.pickup.biomesoplenty.flower_0":4,"stat.pickup.minecraft.skull":2,"stat.pickup.minecraft.saddle":1,"stat.mineBlock.minecraft.soul_sand":2,"stat.useItem.natura.edibles":2,"stat.pickup.minecraft.lever":1,"stat.deaths":4,"stat.pickup.minecraft.egg":2,"stat.playOneMinute":206923,"stat.killEntity.aoa3.night_reaper":1,"stat.pickup.dimdoors.world_thread":2,"stat.craftItem.minecraft.iron_pickaxe":1,"stat.pickup.natura.overworld_seeds":2,"stat.killEntity.aoa3.bush_baby":1,"stat.pickup.minecraft.iron_bars":6,"stat.pickup.chisel.marble2":2,"stat.mineBlock.minecraft.tallgrass":54,"stat.craftItem.minecraft.cooked_mutton":4,"stat.pickup.minecraft.netherrack":4,"stat.chestOpened":59,"stat.killEntity.quark:crab":1,"stat.mineBlock.biomesoplenty.bamboo":1,"stat.mineBlock.minecraft.netherrack":10,"stat.pickup.minecraft.arrow":22,"stat.pickup.minecraft.iron_sword":2,"stat.pickup.minecraft.waterlily":1,"stat.useItem.quark.frog_leg":1,"stat.pickup.dungeontactics.bag_ore":1,"stat.pickup.minecraft.gold_nugget":2,"stat.craftItem.minecraft.coal":12,"stat.craftItem.biomesoplenty.planks_0":144,"stat.mineBlock.minecraft.gold_block":1,"stat.fallOneCm":86130,"stat.pickup.minecraft.carrot":3,"stat.crouchOneCm":11606,"stat.craftItem.minecraft.chest":2,"stat.craftItem.minecraft.iron_ingot":52,"stat.useItem.biomesoplenty.plant_1":4,"stat.pickup.minecraft.melon":18,"stat.craftingTableInteraction":46,"stat.pickup.natura.edibles":4,"stat.mineBlock.quark.limestone":1,"stat.mineBlock.minecraft.log2":1,"stat.pickup.minecraft.feather":22,"stat.useItem.minecraft.furnace":1,"stat.mineBlock.biomesoplenty.plant_1":8,"stat.mineBlock.biomesoplenty.plant_0":34,"stat.pickup.minecraft.planks":7,"stat.killEntity.aoa3.shadow":2,"stat.pickup.biomesoplenty.plant_1":14,"stat.pickup.chisel.limestone2":4,"stat.pickup.minecraft.wheat_seeds":13,"stat.mineBlock.minecraft.gravel":1,"stat.useItem.minecraft.stone_pickaxe":133,"stat.mineBlock.minecraft.glass":1,"stat.pickup.biomesoplenty.waterlily":8,"stat.useItem.minecraft.stone_sword":42,"stat.craftItem.minecraft.iron_leggings":1,"stat.killEntity.aoa3.charger":3,"stat.useItem.biomesoplenty.berries":2,"stat.mineBlock.minecraft.dirt":82,"stat.useItem.minecraft.torch":164,"stat.pickup.minecraft.brewing_stand":1,"stat.drop.minecraft.porkchop":1,"stat.pickup.minecraft.crafting_table":1,"stat.pickup.biomesoplenty.coral":6,"stat.useItem.minecraft.cobblestone":106,"stat.craftItem.minecraft.crafting_table":10,"stat.pickup.aoa3.runium_ore":24,"stat.mineBlock.minecraft.double_plant":1,"stat.drop.biomesoplenty.coral":2,"stat.useItem.natura.overworld_planks":1,"stat.craftItem.natura.overworld_planks":52,"stat.pickup.minecraft.log":11,"stat.pickup.biomesoplenty.planks_0":53,"stat.drop.natura.overworld_planks":52,"stat.craftItem.minecraft.gold_ingot":5,"stat.drop.minecraft.planks":7,"stat.drop.minecraft.sapling":5,"stat.pickup.minecraft.chicken":7,"stat.pickup.minecraft.tipped_arrow":11,"stat.pickup.minecraft.sapling":9,"stat.pickup.wearablebackpacks.backpack":4,"stat.pickup.minecraft.wooden_door":1,"stat.pickup.aoa3.sapphire":2,"stat.pickup.minecraft.apple":1,"stat.craftItem.minecraft.bucket":1,"stat.craftItem.minecraft.planks":180,"stat.useItem.minecraft.iron_sword":248,"stat.pickup.quark.frog_leg":1,"stat.mineBlock.abyssalcraft.coraliumore":21,"stat.pickup.natura.overworld_planks":1,"stat.pickup.biomesoplenty.berries":4,"stat.mineBlock.aoa3.runium_ore":24,"stat.pickup.minecraft.stone_sword":1,"stat.drop.biomesoplenty.flower_0":2,"stat.pickup.aoa3.raw_charger_shank":2,"stat.mineBlock.minecraft.log":10,"stat.pickup.minecraft.golden_sword":1,"stat.craftItem.minecraft.cooked_chicken":2,"stat.craftItem.biomesoplenty.boat_willow":2,"stat.pickup.dungeontactics.bag_quiver":1,"stat.craftItem.dungeontactics.iron_shield":1,"stat.sneakTime":4582,"stat.pickup.minecraft.wool":4,"stat.pickup.aoa3.copper_coin":8,"stat.drop.minecraft.stone_pickaxe":2,"stat.pickup.minecraft.bone":12,"stat.useItem.minecraft.iron_axe":2,"stat.mineBlock.minecraft.cobblestone":6,"stat.useItem.minecraft.log2":1,"stat.pickup.minecraft.stone_pickaxe":3,"stat.swimOneCm":22438,"stat.climbOneCm":6669,"stat.pickup.minecraft.enchanted_book":1,"stat.mineBlock.quark.roots":1,"stat.pickup.lootbags.itemlootbag":14,"stat.useItem.minecraft.dirt":42,"stat.mineBlock.natura.overworld_berrybush_blackberry":4,"stat.useItem.chococraft.gysahl_green":1,"stat.useItem.minecraft.stone_slab2":50,"stat.useItem.quark.crab_leg":1,"stat.craftItem.minecraft.furnace":4,"stat.pickup.dungeontactics.throwing_knife_weakness":1,"stat.craftItem.minecraft.iron_boots":1,"stat.craftItem.minecraft.stone_pickaxe":1,"stat.craftItem.minecraft.cooked_beef":14,"stat.pickup.minecraft.cobblestone":209,"stat.mineBlock.biomesoplenty.double_plant":3,"stat.pickup.minecraft.gold_block":1,"stat.mineBlock.chisel.limestone2":4,"stat.flyOneCm":651367,"stat.pickup.minecraft.soul_sand":2,"stat.pickup.biomesoplenty.boat_willow":6,"stat.drop.minecraft.wheat_seeds":3,"stat.useItem.minecraft.cooked_beef":7,"stat.pickup.minecraft.redstone":3,"stat.mineBlock.minecraft.iron_ore":70,"stat.timeSinceDeath":2321,"stat.pickup.minecraft.quartz_ore":2,"stat.useItem.biomesoplenty.pear":1,"stat.pickup.dungeontactics.magic_scroll":1,"stat.pickup.chococraft.lovely_gysahl_green":1,"stat.pickup.minecraft.mutton":4,"stat.pickup.minecraft.mossy_cobblestone":1,"stat.mineBlock.biomesoplenty.log_2":6,"stat.pickup.aoa3.limonite_ore":4,"stat.drop.minecraft.coal":1,"stat.pickup.dungeontactics.mushroom_iron":2,"stat.pickup.minecraft.nether_wart":5,"stat.pickup.minecraft.stonebrick":5,"stat.drop.minecraft.dirt":1,"stat.useItem.minecraft.cooked_porkchop":6,"stat.craftItem.aoa3.limonite_ingot":1,"stat.mineBlock.minecraft.coal_ore":79,"stat.killEntity.Creeper":2,"stat.pickup.minecraft.shield":1,"stat.pickup.minecraft.string":12,"stat.craftItem.minecraft.stone_slab2":0,"stat.sprintOneCm":492330,"stat.mineBlock.biomesoplenty.flower_0":3,"stat.craftItem.minecraft.stick":56,"stat.pickup.aoa3.holly_top_seeds":1,"stat.useItem.lootbags.itemlootbag":16,"stat.mineBlock.minecraft.diamond_ore":9,"stat.mineBlock.minecraft.crafting_table":2,"stat.useItem.minecraft.diamond_pickaxe":91,"stat.pickup.natura.overworld_sapling":2,"stat.pickup.biomesoplenty.bamboo":9,"stat.pickup.natura.overworld_logs":13,"stat.pickup.chococraft.gysahl_green_seeds":19,"stat.mineBlock.minecraft.planks":2,"stat.drop":42,"stat.killEntity.Sheep":4,"stat.drop.minecraft.iron_boots":1,"stat.craftItem.minecraft.diamond_pickaxe":1,"stat.killEntity.Zombie":20,"stat.mineBlock.minecraft.gold_ore":8,"stat.diveOneCm":61051,"stat.mineBlock.minecraft.mossy_cobblestone":10,"stat.drop.minecraft.wooden_pickaxe":1,"stat.pickup.minecraft.gravel":1,"stat.craftItem.minecraft.cooked_porkchop":6,"stat.useItem.minecraft.apple":1,"stat.drop.lootbags.itemlootbag":1,"stat.useItem.minecraft.porkchop":7,"stat.pickup.dungeontactics.bag_record":1,"stat.useItem.minecraft.rotten_flesh":9,"stat.jump":3479,"stat.pickup.minecraft.coal":79,"stat.pickup.dungeontactics.ducttape":2,"stat.pickup.minecraft.iron_ingot":1,"stat.mineBlock.natura.overworld_planks":1,"stat.useItem.minecraft.stone_axe":47,"stat.entityKilledBy.CaveSpider":1,"stat.pickup.minecraft.spider_eye":2,"stat.craftItem.minecraft.torch":152,"stat.drop.natura.overworld_sapling":2,"stat.pickup.minecraft.dirt":82,"stat.craftItem.minecraft.iron_helmet":1,"stat.pickup.minecraft.diamond_ore":1,"stat.useItem.minecraft.cooked_chicken":10,"stat.drop.dungeontactics.ducttape":1,"stat.pickup.minecraft.iron_ore":71,"stat.boatOneCm":283156,"stat.mineBlock.minecraft.iron_bars":9,"stat.pickup.minecraft.gold_ore":8,"stat.pickup.minecraft.cookie":1,"stat.mineBlock.minecraft.leaves2":6,"stat.mineBlock.biomesoplenty.willow_vine":3,"stat.damageTaken":3144,"stat.pickup.minecraft.leather":9,"stat.pickup.dungeontactics.iron_shield":2,"stat.mineBlock.minecraft.torch":8,"stat.mineBlock.minecraft.furnace":3,"stat.mineBlock.minecraft.melon_block":3,"stat.useItem.minecraft.wooden_pickaxe":30,"stat.dispenserInspected":8,"stat.pickup.natura.overworld_berrybush_blackberry":4,"stat.pickup.minecraft.log2":36,"stat.pickup.minecraft.reeds":8,"stat.pickup.dungeontactics.bag_book":2,"stat.killEntity.CaveSpider":1,"stat.pickup.minecraft.bed":8,"stat.drop.chococraft.gysahl_green":13,"stat.drop.biomesoplenty.plant_1":1,"stat.pickup.minecraft.potato":6,"stat.entityKilledBy.Zombie":1,"stat.damageDealt":15998,"stat.drop.minecraft.cooked_chicken":2,"stat.sleepInBed":10,"stat.pickup.chococraft.gysahl_green":16,"stat.killEntity.Cow":11,"stat.killEntity.Pig":6,"stat.craftItem.minecraft.iron_sword":1,"stat.mineBlock.aoa3.limonite_ore":4,"stat.walkOneCm":567049,"stat.useItem.quark.custom_chest":1,"stat.animalsBred":1,"stat.useItem.minecraft.chest":1,"stat.pickup.minecraft.stick":6,"stat.craftItem.quark.custom_chest":3,"stat.pickup.biomesoplenty.sapling_2":8,"stat.useItem.minecraft.lava_bucket":3,"stat.drop.minecraft.netherrack":4,"stat.useItem.minecraft.melon":4,"stat.craftItem.minecraft.wheat":36,"stat.pickup.quark.root_flower":1,"stat.craftItem.minecraft.iron_chestplate":1,"stat.mineBlock.biomesoplenty.waterlily":2,"stat.killEntity.Skeleton":10,"stat.mineBlock.minecraft.stonebrick":6,"stat.pickup.biomesoplenty.log_2":48,"stat.killEntity.Chicken":7,"stat.killEntity.Spider":4,"stat.mineBlock.minecraft.glowstone":4,"stat.mobKills":85,"stat.useItem.biomesoplenty.boat_willow":7,"stat.pickup.minecraft.diamond":9,"stat.mineBlock.minecraft.leaves":32,"stat.pickup.minecraft.torch":9,"stat.mineBlock.minecraft.hay_block":4,"stat.mineBlock.minecraft.stone":186}