{"stat.pickup.abyssalcraft.coralium":45,"stat.leaveGame":4,"stat.killEntity.aoa3.sasquatch":1,"stat.craftItem.minecraft.iron_axe":1,"stat.pickup.quark.limestone":1,"stat.killEntity.aoa3.shade":2,"stat.killEntity.aoa3.stinger":1,"stat.pickup.minecraft.glowstone_dust":10,"stat.pickup.minecraft.porkchop":14,"stat.pickup.xreliquary.mob_ingredient":1,"stat.pickup.dungeontactics.mushroom_silver":1,"stat.drop.minecraft.melon":1,"stat.killEntity.aoa3.goblin":1,"stat.pickup.minecraft.rotten_flesh":6,"stat.pickup.minecraft.sand":12,"stat.pickup.aoa3.scrap_metal":2,"stat.craftItem.minecraft.stone_axe":1,"stat.killEntity.abyssalcraft.abyssalzombie":1,"stat.pickup.biomesoplenty.pear":1,"stat.useItem.dungeontactics.diamond_battleaxe":10,"stat.craftItem.minecraft.stone_sword":2,"stat.mineBlock.minecraft.sand":12,"stat.pickup.quark.tallow":13,"stat.useItem.minecraft.iron_pickaxe":254,"stat.craftItem.minecraft.wooden_pickaxe":2,"stat.craftItem.wearablebackpacks.backpack":1,"stat.craftItem.minecraft.bed":1,"stat.mineBlock.chisel.marble2":1,"stat.mineBlock.minecraft.vine":5,"stat.furnaceInteraction":81,"stat.pickup.quark.crab_leg":1,"stat.pickup.minecraft.beef":14,"stat.pickup.minecraft.furnace":3,"stat.useItem.minecraft.cooked_mutton":4,"stat.pickup.biomesoplenty.flower_0":1,"stat.pickup.minecraft.skull":1,"stat.mineBlock.minecraft.soul_sand":2,"stat.useItem.natura.edibles":2,"stat.pickup.minecraft.lever":1,"stat.deaths":2,"stat.playOneMinute":133314,"stat.killEntity.aoa3.night_reaper":1,"stat.craftItem.minecraft.iron_pickaxe":1,"stat.pickup.natura.overworld_seeds":1,"stat.killEntity.aoa3.bush_baby":1,"stat.pickup.minecraft.iron_bars":4,"stat.pickup.chisel.marble2":2,"stat.mineBlock.minecraft.tallgrass":40,"stat.craftItem.minecraft.cooked_mutton":4,"stat.chestOpened":47,"stat.killEntity.quark:crab":1,"stat.mineBlock.biomesoplenty.bamboo":1,"stat.mineBlock.minecraft.netherrack":1,"stat.pickup.minecraft.arrow":2,"stat.useItem.quark.frog_leg":1,"stat.pickup.dungeontactics.bag_ore":1,"stat.pickup.minecraft.gold_nugget":2,"stat.craftItem.minecraft.coal":12,"stat.craftItem.biomesoplenty.planks_0":144,"stat.fallOneCm":46104,"stat.pickup.minecraft.carrot":3,"stat.crouchOneCm":2293,"stat.craftItem.minecraft.chest":2,"stat.craftItem.minecraft.iron_ingot":52,"stat.pickup.minecraft.melon":18,"stat.craftingTableInteraction":38,"stat.pickup.natura.edibles":2,"stat.mineBlock.quark.limestone":1,"stat.pickup.minecraft.feather":8,"stat.useItem.minecraft.furnace":1,"stat.mineBlock.biomesoplenty.plant_1":4,"stat.mineBlock.biomesoplenty.plant_0":25,"stat.pickup.minecraft.planks":7,"stat.killEntity.aoa3.shadow":2,"stat.pickup.biomesoplenty.plant_1":6,"stat.pickup.chisel.limestone2":4,"stat.pickup.minecraft.wheat_seeds":11,"stat.mineBlock.minecraft.gravel":1,"stat.useItem.minecraft.stone_pickaxe":133,"stat.mineBlock.minecraft.glass":1,"stat.pickup.biomesoplenty.waterlily":8,"stat.useItem.minecraft.stone_sword":42,"stat.craftItem.minecraft.iron_leggings":1,"stat.killEntity.aoa3.charger":1,"stat.useItem.biomesoplenty.berries":1,"stat.mineBlock.minecraft.dirt":46,"stat.useItem.minecraft.torch":160,"stat.pickup.minecraft.brewing_stand":1,"stat.drop.minecraft.porkchop":1,"stat.pickup.minecraft.crafting_table":1,"stat.useItem.minecraft.cobblestone":103,"stat.craftItem.minecraft.crafting_table":6,"stat.pickup.aoa3.runium_ore":24,"stat.mineBlock.minecraft.double_plant":1,"stat.useItem.natura.overworld_planks":1,"stat.craftItem.natura.overworld_planks":52,"stat.pickup.minecraft.log":4,"stat.pickup.biomesoplenty.planks_0":53,"stat.drop.natura.overworld_planks":52,"stat.craftItem.minecraft.gold_ingot":5,"stat.drop.minecraft.planks":7,"stat.drop.minecraft.sapling":5,"stat.pickup.minecraft.chicken":2,"stat.pickup.minecraft.tipped_arrow":11,"stat.pickup.minecraft.sapling":6,"stat.pickup.wearablebackpacks.backpack":4,"stat.pickup.minecraft.apple":1,"stat.craftItem.minecraft.planks":28,"stat.useItem.minecraft.iron_sword":94,"stat.pickup.quark.frog_leg":1,"stat.mineBlock.abyssalcraft.coraliumore":21,"stat.pickup.natura.overworld_planks":1,"stat.pickup.biomesoplenty.berries":1,"stat.mineBlock.aoa3.runium_ore":24,"stat.pickup.minecraft.stone_sword":1,"stat.drop.biomesoplenty.flower_0":1,"stat.mineBlock.minecraft.log":4,"stat.craftItem.minecraft.cooked_chicken":2,"stat.craftItem.biomesoplenty.boat_willow":1,"stat.pickup.dungeontactics.bag_quiver":1,"stat.craftItem.dungeontactics.iron_shield":1,"stat.sneakTime":1367,"stat.pickup.minecraft.wool":4,"stat.pickup.aoa3.copper_coin":7,"stat.drop.minecraft.stone_pickaxe":1,"stat.pickup.minecraft.bone":7,"stat.useItem.minecraft.iron_axe":2,"stat.mineBlock.minecraft.cobblestone":6,"stat.useItem.minecraft.log2":1,"stat.pickup.minecraft.stone_pickaxe":1,"stat.swimOneCm":12771,"stat.climbOneCm":3095,"stat.mineBlock.quark.roots":1,"stat.pickup.lootbags.itemlootbag":7,"stat.useItem.minecraft.dirt":17,"stat.mineBlock.natura.overworld_berrybush_blackberry":4,"stat.useItem.chococraft.gysahl_green":1,"stat.useItem.minecraft.stone_slab2":32,"stat.useItem.quark.crab_leg":1,"stat.craftItem.minecraft.furnace":4,"stat.pickup.dungeontactics.throwing_knife_weakness":1,"stat.craftItem.minecraft.iron_boots":1,"stat.craftItem.minecraft.stone_pickaxe":1,"stat.craftItem.minecraft.cooked_beef":12,"stat.pickup.minecraft.cobblestone":207,"stat.mineBlock.biomesoplenty.double_plant":1,"stat.mineBlock.chisel.limestone2":4,"stat.flyOneCm":350332,"stat.pickup.minecraft.soul_sand":2,"stat.pickup.biomesoplenty.boat_willow":4,"stat.drop.minecraft.wheat_seeds":3,"stat.useItem.minecraft.cooked_beef":2,"stat.pickup.minecraft.redstone":3,"stat.mineBlock.minecraft.iron_ore":57,"stat.timeSinceDeath":105479,"stat.useItem.biomesoplenty.pear":1,"stat.pickup.chococraft.lovely_gysahl_green":1,"stat.pickup.minecraft.mutton":4,"stat.pickup.minecraft.mossy_cobblestone":1,"stat.mineBlock.biomesoplenty.log_2":6,"stat.pickup.aoa3.limonite_ore":4,"stat.pickup.dungeontactics.mushroom_iron":2,"stat.pickup.minecraft.nether_wart":5,"stat.pickup.minecraft.stonebrick":5,"stat.useItem.minecraft.cooked_porkchop":5,"stat.craftItem.aoa3.limonite_ingot":1,"stat.mineBlock.minecraft.coal_ore":77,"stat.killEntity.Creeper":1,"stat.pickup.minecraft.shield":1,"stat.pickup.minecraft.string":10,"stat.craftItem.minecraft.stone_slab2":0,"stat.sprintOneCm":273142,"stat.mineBlock.biomesoplenty.flower_0":1,"stat.craftItem.minecraft.stick":56,"stat.pickup.aoa3.holly_top_seeds":1,"stat.useItem.lootbags.itemlootbag":16,"stat.mineBlock.minecraft.diamond_ore":9,"stat.mineBlock.minecraft.crafting_table":2,"stat.useItem.minecraft.diamond_pickaxe":51,"stat.pickup.natura.overworld_sapling":2,"stat.pickup.biomesoplenty.bamboo":9,"stat.pickup.natura.overworld_logs":13,"stat.pickup.chococraft.gysahl_green_seeds":19,"stat.mineBlock.minecraft.planks":2,"stat.drop":27,"stat.killEntity.Sheep":4,"stat.craftItem.minecraft.diamond_pickaxe":1,"stat.killEntity.Zombie":5,"stat.mineBlock.minecraft.gold_ore":5,"stat.diveOneCm":21143,"stat.mineBlock.minecraft.mossy_cobblestone":10,"stat.drop.minecraft.wooden_pickaxe":1,"stat.pickup.minecraft.gravel":1,"stat.craftItem.minecraft.cooked_porkchop":5,"stat.useItem.minecraft.apple":1,"stat.drop.lootbags.itemlootbag":1,"stat.useItem.minecraft.porkchop":7,"stat.jump":1863,"stat.pickup.minecraft.coal":77,"stat.mineBlock.natura.overworld_planks":1,"stat.useItem.minecraft.stone_axe":47,"stat.pickup.minecraft.spider_eye":1,"stat.craftItem.minecraft.torch":152,"stat.drop.natura.overworld_sapling":2,"stat.pickup.minecraft.dirt":46,"stat.craftItem.minecraft.iron_helmet":1,"stat.useItem.minecraft.cooked_chicken":2,"stat.pickup.minecraft.iron_ore":56,"stat.boatOneCm":228651,"stat.mineBlock.minecraft.iron_bars":7,"stat.pickup.minecraft.gold_ore":5,"stat.mineBlock.minecraft.leaves2":2,"stat.mineBlock.biomesoplenty.willow_vine":3,"stat.damageTaken":1695,"stat.pickup.minecraft.leather":7,"stat.pickup.dungeontactics.iron_shield":2,"stat.mineBlock.minecraft.torch":7,"stat.mineBlock.minecraft.furnace":3,"stat.mineBlock.minecraft.melon_block":3,"stat.useItem.minecraft.wooden_pickaxe":30,"stat.dispenserInspected":8,"stat.pickup.natura.overworld_berrybush_blackberry":4,"stat.pickup.minecraft.log2":35,"stat.pickup.minecraft.reeds":8,"stat.pickup.minecraft.bed":4,"stat.drop.chococraft.gysahl_green":13,"stat.pickup.minecraft.potato":6,"stat.damageDealt":7000,"stat.sleepInBed":7,"stat.pickup.chococraft.gysahl_green":16,"stat.killEntity.Cow":8,"stat.killEntity.Pig":6,"stat.craftItem.minecraft.iron_sword":1,"stat.mineBlock.aoa3.limonite_ore":4,"stat.walkOneCm":366095,"stat.useItem.minecraft.chest":1,"stat.pickup.minecraft.stick":4,"stat.craftItem.quark.custom_chest":1,"stat.pickup.biomesoplenty.sapling_2":8,"stat.useItem.minecraft.melon":4,"stat.pickup.quark.root_flower":1,"stat.craftItem.minecraft.iron_chestplate":1,"stat.mineBlock.biomesoplenty.waterlily":2,"stat.killEntity.Skeleton":3,"stat.mineBlock.minecraft.stonebrick":6,"stat.pickup.biomesoplenty.log_2":48,"stat.killEntity.Chicken":2,"stat.killEntity.Spider":4,"stat.mineBlock.minecraft.glowstone":4,"stat.mobKills":45,"stat.useItem.biomesoplenty.boat_willow":4,"stat.pickup.minecraft.diamond":9,"stat.mineBlock.minecraft.leaves":20,"stat.pickup.minecraft.torch":7,"stat.mineBlock.minecraft.stone":184}