{
  "dungeontactics:dungeoneering/born_survivor": {
    "criteria": {
      "stab": "2024-08-02 07:03:06 +0000"
    },
    "done": false
  },
  "aoa3:overworld/by_the_books": {
    "criteria": {
      "legitimate": "2024-08-02 07:03:06 +0000"
    },
    "done": true
  },
  "biomesoplenty:biomesoplenty/all_biomes": {
    "criteria": {
      "bayou": "2024-08-02 07:03:06 +0000"
    },
    "done": false
  },
  "aoa3:overworld/root": {
    "criteria": {
      "playerjoin": "2024-08-02 07:03:06 +0000"
    },
    "done": true
  },
  "twilightforest:alt/compat/tconstruct": {
    "criteria": {
      "book": "2024-08-02 07:03:06 +0000"
    },
    "done": true
  },
  "cqrepoured:cqr/root": {
    "criteria": {
      "tick": "2024-08-02 07:03:06 +0000"
    },
    "done": true
  }
}